EDO. PORTUGUESA	MP. GUANARITO	PQ. DIVINA PASTORA	1	2	25	2029	0	777
EDO. PORTUGUESA	MP. GUANARITO	CM. GUANARITO	29	6	56	10274	1	4802
EDO. PORTUGUESA	MP. GUANARITO	PQ.TRINIDAD DE LA CAPILLA	4	1	4	1229	2	188
EDO. PORTUGUESA	MP. OSPINO	PQ. APARICION	6	2	29	4007	1	1022
EDO. PORTUGUESA	MP. OSPINO	CM. OSPINO	13	6	104	10100	5	4301
EDO. PORTUGUESA	MP. OSPINO	PQ. LA ESTACION	7	2	41	4252	0	751
EDO. PORTUGUESA	MP.GENARO BOCONOITO	PQ. ANTOLIN TOVAR AQUINO	5	3	22	4134	0	714
EDO. PORTUGUESA	MP.GENARO BOCONOITO	CM. BOCONOITO	4	1	53	6805	1	1468
EDO. PORTUGUESA	MP.S RAFAEL DE ONOTO	CM. SAN RAFAEL DE ONOTO	3	1	56	5627	2	2193
EDO. PORTUGUESA	MP.S RAFAEL DE ONOTO	PQ. SANTA FE	2	1	1	652	0	181
EDO. PORTUGUESA	MP.S RAFAEL DE ONOTO	PQ. THERMO MORLES	0	0	12	975	0	283
EDO. PORTUGUESA	CE. GUANARE	CM. GUANARE	61	40	545	53748	26	29111
EDO. PORTUGUESA	CE. GUANARE	PQ. CORDOBA	0	0	2	262	0	24
EDO. PORTUGUESA	CE. GUANARE	PQ. VIRGEN DE LA COROMOTO	5	1	39	4005	1	1021
EDO. PORTUGUESA	CE. GUANARE	PQ.SAN JUAN GUANAGUANARE	11	3	51	5274	3	2268
EDO. PORTUGUESA	CE. GUANARE	PQ.SAN JOSE DE LA MONTA#A	0	0	1	182	0	50
EDO. PORTUGUESA	MP. ESTELLER	PQ. UVERAL	6	4	29	3005	1	494
EDO. PORTUGUESA	MP. ESTELLER	CM. PIRITU	16	10	138	15170	6	4382
EDO. PORTUGUESA	MP. SANTA ROSALIA	PQ. FLORIDA	0	1	9	888	0	171
EDO. PORTUGUESA	MP. SANTA ROSALIA	CM. EL PLAYON	2	4	26	4459	0	1088
EDO. PORTUGUESA	MP. TUREN	PQ. SAN ISIDRO LABRADOR	2	0	18	2143	2	748
EDO. PORTUGUESA	MP. TUREN	CM. VILLA BRUZUAL	13	5	157	16507	8	6632
EDO. PORTUGUESA	MP. TUREN	PQ. CANELONES	5	1	26	3942	0	702
EDO. PORTUGUESA	MP. TUREN	PQ. SANTA CRUZ	10	2	19	2100	1	361
EDO. PORTUGUESA	MP. PAPELON	CM. PAPELON	3	2	21	1958	0	1620
EDO. PORTUGUESA	MP. PAPELON	PQ. CA#O DELGADITO	7	4	23	3435	1	643
EDO. PORTUGUESA	MP. AGUA BLANCA	CM. AGUA BLANCA	11	6	53	9578	5	2267
EDO. PORTUGUESA	MP. ARAURE	CM. ARAURE	40	28	330	45209	37	20699
EDO. PORTUGUESA	MP. ARAURE	PQ. RIO ACARIGUA	10	4	28	5270	1	814
EDO. PORTUGUESA	MP. SUCRE	PQ. SAN JOSE DE SAGUAZ	2	0	7	865	0	272
EDO. PORTUGUESA	MP. SUCRE	PQ.SAN RAFAEL PALO ALZADO	2	0	6	1374	0	527
EDO. PORTUGUESA	MP. SUCRE	CM. BISCUCUY	6	4	64	6731	3	4463
EDO. PORTUGUESA	MP. SUCRE	PQ. UVENCIO A VELASQUEZ	4	1	16	2403	0	1044
EDO. PORTUGUESA	MP. SUCRE	PQ. CONCEPCION	1	1	8	1688	0	463
EDO. PORTUGUESA	MP. SUCRE	PQ. VILLA ROSA	6	1	18	2499	3	925
EDO. PORTUGUESA	MP. M.JOSE V DE UNDA	PQ. PE#A BLANCA	1	1	14	1271	0	297
EDO. PORTUGUESA	MP. M.JOSE V DE UNDA	CM. CHABASQUEN	6	3	62	6353	2	2099
EDO. PORTUGUESA	MP. PAEZ	PQ. PIMPINELA	5	3	13	2645	1	281
EDO. PORTUGUESA	MP. PAEZ	CM. ACARIGUA	44	32	542	59290	55	27847
EDO. PORTUGUESA	MP. PAEZ	PQ. PAYARA	3	5	26	4769	3	575
EDO. PORTUGUESA	MP. PAEZ	PQ. RAMON PERAZA	3	0	20	2435	0	541
EDO. SUCRE	MP. ANDRES E BLANCO	PQ. ROMULO GALLEGOS	2	2	12	2151	1	1452
EDO. SUCRE	MP. ANDRES E BLANCO	PQ. MARI#O	5	5	53	5238	2	4177
EDO. SUCRE	MP. MARI#O	PQ. MARABAL	3	0	6	889	0	299
EDO. SUCRE	MP. MARI#O	PQ. SORO	0	0	3	668	0	301
EDO. SUCRE	MP. MARI#O	PQ. IRAPA	0	1	18	3516	1	2289
EDO. SUCRE	MP. MARI#O	PQ. CAMPO CLARO	1	0	4	1398	1	703
EDO. SUCRE	MP. MARI#O	PQ. SAN ANTONIO DE IRAPA	0	0	3	736	0	384
EDO. SUCRE	MP. ARISMENDI	PQ. ANTONIO JOSE DE SUCRE	1	0	5	864	0	379
EDO. SUCRE	MP. ARISMENDI	PQ. EL MORRO DE PTO SANTO	1	2	10	2873	3	1336
EDO. SUCRE	MP. ARISMENDI	PQ. PUERTO SANTO	0	1	9	1898	0	1151
EDO. SUCRE	MP. ARISMENDI	PQ. RIO CARIBE	3	2	41	8475	1	4584
EDO. SUCRE	MP. ARISMENDI	PQ. SAN JUAN GALDONAS	1	1	11	1448	0	568
EDO. SUCRE	MP. ANDRES MATA	PQ. TAVERA ACOSTA	2	1	18	3203	1	1359
EDO. SUCRE	MP. ANDRES MATA	PQ. SAN JOSE DE AREOCUAR	2	0	11	4564	4	2672
EDO. SUCRE	MP. BERMUDEZ	PQ. SANTA TERESA	2	0	13	1656	0	1566
EDO. SUCRE	MP. BERMUDEZ	PQ. BOLIVAR	10	3	76	11163	2	5397
EDO. SUCRE	MP. BERMUDEZ	PQ. MACARAPANA	0	0	15	1972	0	1362
EDO. SUCRE	MP. BERMUDEZ	PQ. SANTA CATALINA	27	7	162	20260	15	13626
EDO. SUCRE	MP. BERMUDEZ	PQ. SANTA ROSA	10	4	58	9061	7	7223
EDO. SUCRE	MP. CAJIGAL	PQ. PAUJIL	0	0	7	1313	0	588
EDO. SUCRE	MP. CAJIGAL	PQ. LIBERTAD	1	0	15	2047	1	623
EDO. SUCRE	MP. CAJIGAL	PQ. YAGUARAPARO	0	1	17	4255	1	1706
EDO. SUCRE	MP. CRUZ S ACOSTA	PQ. ARAYA	8	2	44	6782	1	3553
EDO. SUCRE	MP. CRUZ S ACOSTA	PQ. MANICUARE	0	1	21	2994	1	1471
EDO. SUCRE	MP. CRUZ S ACOSTA	PQ. CHACOPATA	4	0	13	2750	0	1338
EDO. SUCRE	MP. BOLIVAR	CM. MARIGUITAR	4	1	57	6355	1	5235
EDO. SUCRE	MP. BENITEZ	PQ. EL RINCON	2	0	12	1162	0	765
EDO. SUCRE	MP. BENITEZ	PQ. UNION	0	0	1	795	0	268
EDO. SUCRE	MP. BENITEZ	PQ. GRAL FCO. A VASQUEZ	0	0	2	722	0	451
EDO. SUCRE	MP. BENITEZ	PQ. GUARAUNOS	0	0	3	403	0	326
EDO. SUCRE	MP. BENITEZ	PQ. TUNAPUICITO	2	1	1	1115	0	302
EDO. SUCRE	MP. BENITEZ	PQ. EL PILAR	5	3	35	6538	2	2966
EDO. SUCRE	MP. RIBERO	PQ. CATUARO	3	1	10	2707	2	1228
EDO. SUCRE	MP. RIBERO	PQ. RENDON	2	0	14	1675	0	806
EDO. SUCRE	MP. RIBERO	PQ. CARIACO	7	3	66	10744	1	5306
EDO. SUCRE	MP. RIBERO	PQ. SANTA CRUZ	1	0	2	820	0	301
EDO. SUCRE	MP. RIBERO	PQ. SANTA MARIA	3	1	17	2315	2	884
EDO. SUCRE	CE. SUCRE	PQ.GRAN MARISCAL	5	2	19	2523	5	1706
EDO. SUCRE	CE. SUCRE	PQ. SANTA INES	14	9	216	19997	12	17702
EDO. SUCRE	CE. SUCRE	PQ. RAUL LEONI	4	2	45	4307	3	2353
EDO. SUCRE	CE. SUCRE	PQ. SAN JUAN	6	3	42	4588	4	2114
EDO. SUCRE	CE. SUCRE	PQ. VALENTIN VALIENTE	9	10	134	14421	11	16119
EDO. SUCRE	CE. SUCRE	PQ. AYACUCHO	12	14	134	14423	10	12331
EDO. SUCRE	CE. SUCRE	PQ. ALTAGRACIA	44	21	376	38915	28	30326
EDO. SUCRE	MP. MONTES	PQ. ARENAS	0	2	23	2510	0	981
EDO. SUCRE	MP. MONTES	PQ. COCOLLAR	1	2	2	1356	0	1014
EDO. SUCRE	MP. MONTES	PQ. SAN LORENZO	1	2	12	1861	0	1248
EDO. SUCRE	MP. MONTES	PQ. SAN FERNANDO	3	1	5	2577	0	882
EDO. SUCRE	MP. MONTES	PQ. CUMANACOA	6	3	48	7536	4	3818
EDO. SUCRE	MP. MONTES	PQ. ARICAGUA	5	1	21	2369	1	1474
EDO. SUCRE	MP. LIBERTADOR	PQ. TUNAPUY	2	2	16	3434	3	1894
EDO. SUCRE	MP. LIBERTADOR	PQ. CAMPO ELIAS	0	0	3	546	0	152
EDO. SUCRE	MP. MEJIA	CM. SAN ANT DEL GOLFO	5	2	31	5120	1	3355
EDO. SUCRE	MP. VALDEZ	PQ. CRISTOBAL COLON	0	0	4	692	0	116
EDO. SUCRE	MP. VALDEZ	PQ. PUNTA DE PIEDRA	2	0	3	1623	0	794
EDO. SUCRE	MP. VALDEZ	PQ. BIDEAU	0	0	6	930	0	172
EDO. SUCRE	MP. VALDEZ	PQ. GUIRIA	7	2	47	10639	5	3822
EDO. MERIDA	CE. LIBERTADOR	PQ. ARIAS	3	3	39	4250	8	5839
EDO. MERIDA	CE. LIBERTADOR	PQ. EL MORRO	0	0	2	673	0	349
EDO. MERIDA	CE. LIBERTADOR	PQ. CARACCIOLO PARRA P	4	2	17	2002	7	7388
EDO. MERIDA	CE. LIBERTADOR	PQ. LOS NEVADOS	0	0	0	350	0	111
EDO. MERIDA	CE. LIBERTADOR	PQ. GONZALO PICON FEBRES	2	4	14	1864	0	2209
EDO. MERIDA	CE. LIBERTADOR	PQ. MILLA	3	10	60	4996	10	9069
EDO. MERIDA	CE. LIBERTADOR	PQ. MARIANO PICON SALAS	1	6	25	2389	2	5894
EDO. MERIDA	CE. LIBERTADOR	PQ. EL LLANO	4	1	30	2315	5	7030
EDO. MERIDA	CE. LIBERTADOR	PQ. DOMINGO PE#A	4	5	56	5925	10	10482
EDO. MERIDA	CE. LIBERTADOR	PQ. JACINTO PLAZA	11	6	65	7683	3	6550
EDO. MERIDA	CE. LIBERTADOR	PQ. ANTONIO SPINETTI DINI	5	4	42	5929	11	10952
EDO. MERIDA	CE. LIBERTADOR	PQ. JUAN RODRIGUEZ SUAREZ	5	4	25	2317	6	9449
EDO. MERIDA	CE. LIBERTADOR	PQ. OSUNA RODRIGUEZ	6	2	30	4720	1	5301
EDO. MERIDA	CE. LIBERTADOR	PQ. LASSO DE LA VEGA	2	1	22	2438	5	4780
EDO. MERIDA	CE. LIBERTADOR	PQ. SAGRARIO	2	0	12	1215	5	2948
EDO. MERIDA	MP. PUEBLO LLANO	CM. PUEBLO LLANO	1	1	13	3017	0	2817
EDO. MERIDA	MP.OB. RAMOS DE LORA	PQ. PQ R DE ALCAZAR	1	0	7	1801	0	1136
EDO. MERIDA	MP.OB. RAMOS DE LORA	CM. STA ELENA DE ARENALES	3	0	31	4453	3	3134
EDO. MERIDA	MP.OB. RAMOS DE LORA	PQ. ELOY PAREDES	2	0	24	2522	1	1618
EDO. MERIDA	MP. SUCRE	PQ. CHIGUARA	3	1	11	2510	1	2050
EDO. MERIDA	MP. SUCRE	PQ. PUEBLO NUEVO DEL SUR	2	0	6	1023	2	513
EDO. MERIDA	MP. SUCRE	CM. LAGUNILLAS	3	4	51	6364	5	4824
EDO. MERIDA	MP. SUCRE	PQ. ESTANQUES	0	2	9	1268	0	779
EDO. MERIDA	MP. SUCRE	PQ. LA TRAMPA	4	0	7	844	0	372
EDO. MERIDA	MP. SUCRE	PQ. SAN JUAN	2	0	31	3434	1	2422
EDO. MERIDA	MP. MIRANDA	PQ. PI#ANGO	0	1	3	544	1	357
EDO. MERIDA	MP. MIRANDA	PQ. LA VENTA	0	0	8	425	0	575
EDO. MERIDA	MP. MIRANDA	PQ. ANDRES ELOY BLANCO	1	0	10	554	1	643
EDO. MERIDA	MP. MIRANDA	CM. CHACHOPO	7	3	30	4626	3	4387
EDO. MERIDA	MP.JULIO CESAR SALAS	PQ. PALMIRA	0	0	5	953	0	576
EDO. MERIDA	MP.JULIO CESAR SALAS	CM. ARAPUEY	1	2	19	3969	0	2022
EDO. MERIDA	MP. SANTOS MARQUINA	CM. TABAY	10	6	32	5205	6	4763
EDO. MERIDA	MP. JUSTO BRICE#O	CM. TORONDOY	2	0	10	1840	1	1012
EDO. MERIDA	MP. JUSTO BRICE#O	PQ. SAN CRISTOBAL DE T	0	1	0	645	0	415
EDO. MERIDA	MP. CAMPO ELIAS	PQ. MONTALBAN	2	3	40	7320	4	9299
EDO. MERIDA	MP. CAMPO ELIAS	PQ. MATRIZ	10	9	104	11910	15	11695
EDO. MERIDA	MP. CAMPO ELIAS	PQ. SAN JOSE	0	0	1	329	0	316
EDO. MERIDA	MP. CAMPO ELIAS	PQ. LA MESA	0	1	5	1529	0	1128
EDO. MERIDA	MP. CAMPO ELIAS	PQ. FERNANDEZ PE#A	4	1	20	3050	8	3777
EDO. MERIDA	MP. CAMPO ELIAS	PQ. ACEQUIAS	0	0	4	292	0	144
EDO. MERIDA	MP. CAMPO ELIAS	PQ. JAJI	1	2	3	1086	0	927
EDO. MERIDA	MP. ARICAGUA	PQ. SAN ANTONIO	1	0	1	335	0	327
EDO. MERIDA	MP. ARICAGUA	CM. ARICAGUA	1	0	6	950	0	1326
EDO. MERIDA	MP. ARZOBISPO CHACON	PQ. EL MOLINO	0	0	3	486	0	494
EDO. MERIDA	MP. ARZOBISPO CHACON	CM. CANAGUA	1	2	5	1106	0	950
EDO. MERIDA	MP. ARZOBISPO CHACON	PQ. CHACANTA	1	0	5	721	1	335
EDO. MERIDA	MP. ARZOBISPO CHACON	PQ. GUAIMARAL	0	0	1	105	0	121
EDO. MERIDA	MP. ARZOBISPO CHACON	PQ. MUCUTUY	1	0	5	722	1	694
EDO. MERIDA	MP. ARZOBISPO CHACON	PQ. CAPURI	0	0	0	290	0	148
EDO. MERIDA	MP. ARZOBISPO CHACON	PQ. MUCUCHACHI	0	0	2	529	0	332
EDO. MERIDA	MP. RANGEL	PQ. CACUTE	0	0	3	482	0	357
EDO. MERIDA	MP. RANGEL	PQ. LA TOMA	0	0	2	635	1	462
EDO. MERIDA	MP. RANGEL	CM. MUCUCHIES	0	3	10	2131	0	2353
EDO. MERIDA	MP. RANGEL	PQ. SAN RAFAEL	3	0	17	1104	0	1075
EDO. MERIDA	MP. RANGEL	PQ. MUCURUBA	1	1	10	1052	1	1016
EDO. MERIDA	MP. PADRE NOGUERA	CM. STA MARIA DE CAPARO	1	0	15	1054	0	1004
EDO. MERIDA	MP. GUARAQUE	PQ. MESA DE QUINTERO	0	0	0	438	0	245
EDO. MERIDA	MP. GUARAQUE	CM. GUARAQUE	0	1	2	1382	0	769
EDO. MERIDA	MP. GUARAQUE	PQ. RIO NEGRO	1	0	0	1018	0	1087
EDO. MERIDA	MP. TULIO F CORDERO	CM. NUEVA BOLIVIA	4	4	41	4908	3	3248
EDO. MERIDA	MP. TULIO F CORDERO	PQ. MARIA C PALACIOS	1	0	7	1658	0	546
EDO. MERIDA	MP. TULIO F CORDERO	PQ. SANTA APOLONIA	1	0	4	1002	1	702
EDO. MERIDA	MP. TULIO F CORDERO	PQ. INDEPENDENCIA	2	0	19	3163	0	1145
EDO. MERIDA	MP. ANTONIO PINTO S.	PQ. MESA DE LAS PALMAS	0	0	0	974	1	560
EDO. MERIDA	MP. ANTONIO PINTO S.	PQ. MESA BOLIVAR	0	0	10	1665	1	1119
EDO. MERIDA	MP. ANTONIO PINTO S.	CM. STA CRUZ DE MORA	3	1	38	5270	0	5138
EDO. MERIDA	MP. ANDRES BELLO	CM. LA AZULITA	0	0	26	4785	3	3014
EDO. MERIDA	MP. TOVAR	PQ. EL LLANO	1	3	15	2133	1	3243
EDO. MERIDA	MP. TOVAR	PQ. SAN FRANCISCO	0	0	2	866	1	680
EDO. MERIDA	MP. TOVAR	PQ. EL AMPARO	0	0	3	749	0	514
EDO. MERIDA	MP. TOVAR	PQ. TOVAR	6	0	44	6313	3	7152
EDO. MERIDA	MP. CARACCIOLO PARRA	CM. TUCANI	7	3	33	5122	1	3942
EDO. MERIDA	MP. CARACCIOLO PARRA	PQ. FLORENCIO RAMIREZ	1	0	10	2143	1	1023
EDO. MERIDA	MP. ZEA	CM. ZEA	3	1	16	2133	3	2730
EDO. MERIDA	MP. ZEA	PQ. CA#O EL TIGRE	1	0	6	780	0	505
EDO. MERIDA	MP.CARDENAL QUINTERO	CM. SANTO DOMINGO	1	0	9	1789	0	1344
EDO. MERIDA	MP.CARDENAL QUINTERO	PQ. LAS PIEDRAS	1	0	11	1713	1	764
EDO. MERIDA	MP. RIVAS DAVILA	CM. BAILADORES	2	2	35	4606	5	4345
EDO. MERIDA	MP. RIVAS DAVILA	PQ. GERONIMO MALDONADO	0	0	9	1042	1	1177
EDO. MERIDA	MP. ALBERTO ADRIANI	PQ. PRESIDENTE PAEZ	10	8	87	9869	4	9171
EDO. MERIDA	MP. ALBERTO ADRIANI	PQ. PTE. ROMULO GALLEGOS	7	6	52	7277	2	6801
EDO. MERIDA	MP. ALBERTO ADRIANI	PQ. HECTOR AMABLE MORA	4	1	17	3186	3	1949
EDO. MERIDA	MP. ALBERTO ADRIANI	PQ. JOSE NUCETE SARDI	0	0	4	968	0	209
EDO. MERIDA	MP. ALBERTO ADRIANI	PQ. PULIDO MENDEZ	0	4	46	7133	1	5149
EDO. MERIDA	MP. ALBERTO ADRIANI	PQ. PRESIDENTE BETANCOURT	8	4	55	6237	5	6384
EDO. MERIDA	MP. ALBERTO ADRIANI	PQ. GABRIEL PICON G.	1	2	12	1399	0	1025
EDO. AMAZONAS	MP. ATABAPO	CM. SAN FERNANDO DE ATABA	1	3	41	1390	6	1858
EDO. AMAZONAS	MP. ATABAPO	PQ. YAPACANA	0	0	4	18	0	99
EDO. AMAZONAS	MP. ATABAPO	PQ. CANAME	0	0	0	76	0	63
EDO. AMAZONAS	MP. ATABAPO	PQ. UCATA	1	0	5	291	0	218
EDO. AMAZONAS	MP. RIO NEGRO	PQ. COCUY	0	0	1	24	0	61
EDO. AMAZONAS	MP. RIO NEGRO	CM. SAN CARLOS DE RIO NEG	0	0	20	463	0	610
EDO. AMAZONAS	MP. RIO NEGRO	PQ. CASIQUIARE	0	0	0	46	0	78
EDO. AMAZONAS	MP. RIO NEGRO	PQ. SOLANO	0	1	11	95	0	126
EDO. AMAZONAS	CE. ATURES	PQ. FERNANDO GIRON TOVAR	2	5	146	8574	9	9093
EDO. AMAZONAS	CE. ATURES	PQ. PARHUE#A	2	0	15	1549	0	1281
EDO. AMAZONAS	CE. ATURES	PQ. LUIS ALBERTO GOMEZ	10	10	158	13436	11	10247
EDO. AMAZONAS	CE. ATURES	PQ. PLATANILLAL	2	1	24	2046	0	1319
EDO. AMAZONAS	MP. MANAPIARE	CM. SAN JUAN DE MANAPIARE	1	1	13	1346	0	481
EDO. AMAZONAS	MP. MANAPIARE	PQ. MEDIO VENTUARI	0	0	4	98	0	64
EDO. AMAZONAS	MP. MANAPIARE	PQ. ALTO VENTUARI
EDO. AMAZONAS	MP. MANAPIARE	PQ. BAJO VENTUARI
EDO. AMAZONAS	MP. ALTO ORINOCO	PQ. MAVACA
EDO. AMAZONAS	MP. ALTO ORINOCO	PQ. HUACHAMACARE
EDO. AMAZONAS	MP. ALTO ORINOCO	PQ. MARAWAKA
EDO. AMAZONAS	MP. ALTO ORINOCO	CM. LA ESMERALDA	0	0	9	355	0	162
EDO. AMAZONAS	MP. ALTO ORINOCO	PQ. SIERRA PARIMA
EDO. AMAZONAS	MP. MAROA	PQ. COMUNIDAD	0	0	0	94	0	34
EDO. AMAZONAS	MP. MAROA	PQ. VICTORINO	0	0	1	202	0	101
EDO. AMAZONAS	MP. MAROA	CM. MAROA	0	0	10	700	1	455
EDO. AMAZONAS	MP. AUTANA	PQ. SAMARIAPO	2	0	12	687	1	649
EDO. AMAZONAS	MP. AUTANA	PQ. MUNDUAPO	0	0	1	130	0	113
EDO. AMAZONAS	MP. AUTANA	CM. ISLA DE RATON	1	1	10	469	0	622
EDO. AMAZONAS	MP. AUTANA	PQ. GUAYAPO	1	0	4	399	0	213
EDO. AMAZONAS	MP. AUTANA	PQ. SIPAPO	0	0	5	408	0	386
EDO. DELTA AMAC	CE. TUCUPITA	PQ. SAN RAFAEL	4	7	56	4039	3	2243
EDO. DELTA AMAC	CE. TUCUPITA	PQ. VIRGEN DEL VALLE	1	3	26	2487	0	1073
EDO. DELTA AMAC	CE. TUCUPITA	PQ.MCL.ANTONIO J DE SUCRE	2	6	48	2830	6	1923
EDO. DELTA AMAC	CE. TUCUPITA	PQ. JUAN MILLAN	8	5	37	2760	1	1054
EDO. DELTA AMAC	CE. TUCUPITA	PQ. SAN JOSE	0	2	46	2174	4	2643
EDO. DELTA AMAC	CE. TUCUPITA	PQ. MONS. ARGIMIRO GARCIA	6	2	80	4566	1	3961
EDO. DELTA AMAC	CE. TUCUPITA	PQ. JOSE VIDAL MARCANO	4	3	87	4608	3	3862
EDO. DELTA AMAC	CE. TUCUPITA	PQ. LEONARDO RUIZ PINEDA	7	1	73	3547	2	2768
EDO. DELTA AMAC	MP. PEDERNALES	PQ. PEDERNALES	0	0	8	2306	1	679
EDO. DELTA AMAC	MP. PEDERNALES	PQ. LUIS B PRIETO FIGUERO	1	0	13	1805	1	460
EDO. DELTA AMAC	MP. ANTONIO DIAZ	PQ. SANTOS DE ABELGAS	0	0	2	267	0	20
EDO. DELTA AMAC	MP. ANTONIO DIAZ	PQ. MANUEL RENAUD	1	1	5	710	0	165
EDO. DELTA AMAC	MP. ANTONIO DIAZ	PQ. ANICETO LUGO	0	0	7	510	0	37
EDO. DELTA AMAC	MP. ANTONIO DIAZ	PQ. ALMIRANTE LUIS BRION	0	0	0	125	0	6
EDO. DELTA AMAC	MP. ANTONIO DIAZ	PQ. PADRE BARRAL	1	0	0	1073	0	17
EDO. DELTA AMAC	MP. ANTONIO DIAZ	PQ. CURIAPO	2	1	12	2723	0	669
EDO. DELTA AMAC	MP. CASACOIMA	PQ. IMATACA	9	2	20	1890	0	553
EDO. DELTA AMAC	MP. CASACOIMA	PQ. JUAN BAUTISTA ARISMEN	1	2	7	1820	0	508
EDO. DELTA AMAC	MP. CASACOIMA	PQ. 5 DE JULIO	1	1	10	1031	1	159
EDO. DELTA AMAC	MP. CASACOIMA	PQ. MANUEL PIAR	6	2	50	6303	1	1905
EDO. DELTA AMAC	MP. CASACOIMA	PQ. ROMULO GALLEGOS	2	1	11	915	1	447
EDO. GUARICO	MP. ZARAZA	PQ. SAN JOSE DE UNARE	1	1	10	1137	0	473
EDO. GUARICO	MP. ZARAZA	PQ. ZARAZA	26	16	189	17737	10	9148
EDO. GUARICO	MP. CHAGUARAMAS	PQ. CHAGUARAMAS	5	2	34	4746	2	2494
EDO. GUARICO	CE. ROSCIO	PQ. CANTAGALLO	0	0	7	1011	0	414
EDO. GUARICO	CE. ROSCIO	PQ. PARAPARA	2	1	6	1505	0	540
EDO. GUARICO	CE. ROSCIO	PQ.SAN JUAN DE LOS MORROS	24	17	372	37348	33	28005
EDO. GUARICO	MP. MELLADO	PQ. EL SOMBRERO	9	3	72	9507	5	4197
EDO. GUARICO	MP. MELLADO	PQ. SOSA	0	0	3	598	0	348
EDO. GUARICO	MP. CAMAGUAN	PQ. CAMAGUAN	7	3	50	4802	0	2691
EDO. GUARICO	MP. CAMAGUAN	PQ. PUERTO MIRANDA	1	1	9	1315	0	597
EDO. GUARICO	MP. CAMAGUAN	PQ. UVERITO	3	0	11	780	1	296
EDO. GUARICO	MP. INFANTE	PQ. VALLE DE LA PASCUA	30	17	335	34278	34	25397
EDO. GUARICO	MP. INFANTE	PQ. ESPINO
EDO. GUARICO	MP. EL SOCORRO	PQ. EL SOCORRO	5	1	42	6517	4	2892
EDO. GUARICO	MP. MIRANDA	PQ. EL CALVARIO	1	0	3	577	0	233
EDO. GUARICO	MP. MIRANDA	PQ. GUARDATINAJAS	0	2	6	1433	0	562
EDO. GUARICO	MP. MIRANDA	PQ. CALABOZO	29	27	325	37045	28	17161
EDO. GUARICO	MP. MIRANDA	PQ. EL RASTRO	0	1	11	1141	0	483
EDO. GUARICO	MP. ORTIZ	PQ. ORTIZ	7	0	47	3588	1	1931
EDO. GUARICO	MP. ORTIZ	PQ. SAN FCO. DE TIZNADOS	1	1	8	1430	0	305
EDO. GUARICO	MP. ORTIZ	PQ. S LORENZO DE TIZNADOS	0	0	3	1152	0	279
EDO. GUARICO	MP. ORTIZ	PQ. SAN JOSE DE TIZNADOS	1	0	8	1640	1	578
EDO. GUARICO	MP. S MARIA DE IPIRE	PQ. ALTAMIRA	3	0	1	555	0	56
EDO. GUARICO	MP. S MARIA DE IPIRE	PQ. SANTA MARIA DE IPIRE	12	5	52	4897	2	2104
EDO. GUARICO	MP. LAS MERCEDES	PQ. CABRUTA	4	3	25	3865	0	822
EDO. GUARICO	MP. LAS MERCEDES	PQ. LAS MERCEDES	8	0	51	5542	0	3178
EDO. GUARICO	MP. LAS MERCEDES	PQ. STA RITA DE MANAPIRE	0	1	2	910	0	188
EDO. GUARICO	MP.S JOSE DE GUARIBE	PQ. SAN JOSE DE GUARIBE	2	1	40	4240	1	1981
EDO. GUARICO	MP.SAN GERONIMO DE G	PQ. CAZORLA	1	0	10	1875	0	981
EDO. GUARICO	MP.SAN GERONIMO DE G	PQ. GUAYABAL	6	0	41	4814	0	2051
EDO. GUARICO	MP. MONAGAS	PQ. LEZAMA	2	1	16	1647	1	830
EDO. GUARICO	MP. MONAGAS	PQ. SOUBLETTE	0	1	7	1132	0	485
EDO. GUARICO	MP. MONAGAS	PQ. SAN FCO DE MACAIRA	2	0	3	1189	0	311
EDO. GUARICO	MP. MONAGAS	PQ. ALTAGRACIA DE ORITUCO	21	8	174	19092	11	9281
EDO. GUARICO	MP. MONAGAS	PQ. LIBERTAD DE ORITUCO	0	0	1	375	0	104
EDO. GUARICO	MP. MONAGAS	PQ. SAN RAFAEL DE ORITUCO	0	0	11	1886	1	702
EDO. GUARICO	MP. MONAGAS	PQ. PASO REAL DE MACAIRA	3	1	15	1743	0	707
EDO. GUARICO	MP. RIBAS	PQ. TUCUPIDO	15	5	108	11941	8	7323
EDO. GUARICO	MP. RIBAS	PQ. SAN RAFAEL DE LAYA	0	1	4	1352	0	519
EDO. YARACUY	MP. INDEPENDENCIA	CM. INDEPENDENCIA	20	6	178	14004	15	16799
EDO. YARACUY	MP.JOSE ANTONIO PAEZ	CM. SABANA DE PARRA	7	2	77	7305	2	3028
EDO. YARACUY	MP. NIRGUA	CM. NIRGUA	17	13	118	14187	14	8579
EDO. YARACUY	MP. NIRGUA	PQ. SALOM	7	1	39	4981	5	2376
EDO. YARACUY	MP. NIRGUA	PQ. TEMERLA	0	0	7	1240	1	327
EDO. YARACUY	MP. LA TRINIDAD	CM. BORAURE	3	2	46	5253	3	3872
EDO. YARACUY	MP. VEROES	CM. FARRIAR	3	1	27	5777	1	1186
EDO. YARACUY	MP. VEROES	PQ. EL GUAYABO	5	2	27	5491	2	1672
EDO. YARACUY	MP. ARISTIDES BASTID	CM. SAN PABLO	6	4	66	7386	2	3576
EDO. YARACUY	MP. PE#A	PQ. SAN ANDRES	6	1	34	2759	3	1580
EDO. YARACUY	MP. PE#A	CM. YARITAGUA	38	14	250	29677	17	16576
EDO. YARACUY	MP. SUCRE	CM. GUAMA	4	4	68	6746	3	5051
EDO. YARACUY	MP. URACHICHE	CM. URACHICHE	5	6	61	8220	2	3207
EDO. YARACUY	MP. BOLIVAR	CM. AROA	6	7	78	10898	3	5552
EDO. YARACUY	MP. BRUZUAL	PQ. CAMPO ELIAS	6	5	29	5261	2	1654
EDO. YARACUY	MP. BRUZUAL	CM. CHIVACOA	23	16	160	18426	17	10887
EDO. YARACUY	CE. SAN FELIPE	CM. SAN FELIPE	23	6	155	13804	16	19574
EDO. YARACUY	CE. SAN FELIPE	PQ. SAN JAVIER	4	3	44	4823	2	2419
EDO. YARACUY	CE. SAN FELIPE	PQ. ALBARICO	9	5	99	9298	9	5120
EDO. YARACUY	MP. MANUEL MONGE	CM. YUMARE	5	7	33	6708	3	2427
EDO. YARACUY	MP. COCOROTE	CM. COCOROTE	11	7	106	10455	14	10957
EDO. FALCON	MP. MAUROA	PQ. MENE DE MAUROA	9	4	51	4840	1	3560
EDO. FALCON	MP. MAUROA	PQ. CASIGUA	0	3	11	2463	0	1007
EDO. FALCON	MP. MAUROA	PQ. SAN FELIX	0	1	12	640	0	408
EDO. FALCON	MP. SUCRE	PQ. PECAYA	1	0	2	1008	0	211
EDO. FALCON	MP. SUCRE	PQ. SUCRE	2	1	16	2186	0	811
EDO. FALCON	MP. FALCON	PQ. PUEBLO NUEVO	4	2	61	5931	1	3557
EDO. FALCON	MP. FALCON	PQ. ADAURE	0	1	9	811	0	461
EDO. FALCON	MP. FALCON	PQ. EL VINCULO	4	1	7	1230	0	718
EDO. FALCON	MP. FALCON	PQ. EL HATO	1	0	3	948	0	343
EDO. FALCON	MP. FALCON	PQ. MORUY	3	1	23	2975	1	1368
EDO. FALCON	MP. FALCON	PQ. BARAIVED	2	0	17	1506	1	805
EDO. FALCON	MP. FALCON	PQ. ADICORA	1	1	20	2214	1	1197
EDO. FALCON	MP. FALCON	PQ. JADACAQUIVA	1	3	13	1551	1	1008
EDO. FALCON	MP. FALCON	PQ. BUENA VISTA	0	0	10	1619	2	950
EDO. FALCON	MP. MONS. ITURRIZA	PQ. BOCA DE TOCUYO	0	0	5	611	0	505
EDO. FALCON	MP. MONS. ITURRIZA	PQ. CHICHIRIVICHE	1	3	24	2141	0	2524
EDO. FALCON	MP. MONS. ITURRIZA	PQ. TOCUYO DE LA COSTA	1	0	15	3269	0	1606
EDO. FALCON	MP. COLINA	PQ. ACURIGUA	1	0	3	680	0	382
EDO. FALCON	MP. COLINA	PQ. LAS CALDERAS	1	1	23	1586	2	1592
EDO. FALCON	MP. COLINA	PQ. LA VELA DE CORO	2	1	85	9175	2	5947
EDO. FALCON	MP. COLINA	PQ. GUAIBACOA	0	0	2	274	0	215
EDO. FALCON	MP. COLINA	PQ. MACORUCA	0	0	5	609	0	197
EDO. FALCON	MP. TOCOPERO	CM. TOCOPERO	0	1	16	3433	0	1145
EDO. FALCON	MP. SILVA	PQ. BOCA DE AROA	3	2	15	1991	0	1092
EDO. FALCON	MP. SILVA	PQ. TUCACAS	10	2	71	5589	3	5428
EDO. FALCON	MP. FEDERACION	PQ. CHURUGUARA	7	6	39	4318	4	3809
EDO. FALCON	MP. FEDERACION	PQ. EL PAUJI	2	0	7	1375	0	368
EDO. FALCON	MP. FEDERACION	PQ. INDEPENDENCIA	1	0	5	366	0	185
EDO. FALCON	MP. FEDERACION	PQ. AGUA LARGA	0	1	12	1277	0	375
EDO. FALCON	MP. FEDERACION	PQ. MAPARARI	5	1	17	2320	0	1018
EDO. FALCON	MP. LOS TAQUES	PQ. LOS TAQUES	4	3	79	8452	2	4530
EDO. FALCON	MP. LOS TAQUES	PQ. JUDIBANA	2	2	66	7639	7	5608
EDO. FALCON	MP. CARIRUBANA	PQ. NORTE	10	3	158	17430	8	10031
EDO. FALCON	MP. CARIRUBANA	PQ. SANTA ANA	3	0	58	6531	3	2442
EDO. FALCON	MP. CARIRUBANA	PQ. CARIRUBANA	21	23	294	30739	28	23411
EDO. FALCON	MP. CARIRUBANA	PQ. PUNTA CARDON	26	1	187	20938	27	15843
EDO. FALCON	MP. DABAJURO	CM. DABAJURO	4	1	60	6020	3	4698
EDO. FALCON	MP. CACIQUE MANAURE	CM. YARACAL	2	0	30	3577	1	2464
EDO. FALCON	MP. JACURA	PQ. ARAURIMA	0	0	10	1274	1	629
EDO. FALCON	MP. JACURA	PQ. AGUA LINDA	0	0	5	629	0	171
EDO. FALCON	MP. JACURA	PQ. JACURA	1	1	25	2206	2	1006
EDO. FALCON	MP. PALMA SOLA	CM. PALMA SOLA	2	1	14	2482	1	488
EDO. FALCON	MP. ACOSTA	PQ. LA PASTORA	2	2	11	1342	1	476
EDO. FALCON	MP. ACOSTA	PQ. LIBERTADOR	0	0	2	285	0	264
EDO. FALCON	MP. ACOSTA	PQ. SAN JUAN DE LOS CAYOS	2	1	22	2523	1	2232
EDO. FALCON	MP. ACOSTA	PQ. CAPADARE	1	1	11	2357	0	1253
EDO. FALCON	MP. DEMOCRACIA	PQ. PURURECHE	0	0	1	473	0	215
EDO. FALCON	MP. DEMOCRACIA	PQ. AVARIA	0	0	0	164	0	17
EDO. FALCON	MP. DEMOCRACIA	PQ. PIEDRA GRANDE	0	0	5	400	0	171
EDO. FALCON	MP. DEMOCRACIA	PQ. AGUA CLARA	0	0	2	112	0	97
EDO. FALCON	MP. DEMOCRACIA	PQ. PEDREGAL	1	2	21	2588	1	1372
EDO. FALCON	MP. ZAMORA	PQ. ZAZARIDA	0	1	0	627	0	67
EDO. FALCON	MP. ZAMORA	PQ. LA SOLEDAD	0	0	5	813	2	316
EDO. FALCON	MP. ZAMORA	PQ. PUEBLO CUMAREBO	0	1	8	1099	0	389
EDO. FALCON	MP. ZAMORA	PQ. LA CIENAGA	0	0	2	509	0	405
EDO. FALCON	MP. ZAMORA	PQ. PUERTO CUMAREBO	3	5	97	7794	5	5478
EDO. FALCON	MP. UNION	PQ. EL CHARAL	3	0	22	1857	1	567
EDO. FALCON	MP. UNION	PQ. LAS VEGAS DEL TUY	1	0	6	1225	0	324
EDO. FALCON	MP. UNION	PQ. STA.CRUZ DE BUCARAL	3	1	23	2417	0	1575
EDO. FALCON	MP. URUMACO	PQ. URUMACO	0	1	11	2204	0	1420
EDO. FALCON	MP. URUMACO	PQ. BRUZUAL	1	0	6	1163	0	502
EDO. FALCON	MP. PETIT	PQ. COLINA	2	0	5	1382	0	276
EDO. FALCON	MP. PETIT	PQ. CABURE	4	1	27	3049	1	1212
EDO. FALCON	MP. PETIT	PQ. CURIMAGUA	1	0	7	1138	1	368
EDO. FALCON	MP. PIRITU	PQ. PIRITU	3	2	38	3487	0	1134
EDO. FALCON	MP. PIRITU	PQ. SAN JOSE DE LA COSTA	3	0	9	1435	2	458
EDO. FALCON	MP. SAN FRANCISCO	CM. MIRIMIRE	2	3	26	4603	2	2203
EDO. FALCON	MP. BOLIVAR	PQ. SAN LUIS	3	0	22	2024	4	941
EDO. FALCON	MP. BOLIVAR	PQ. ARACUA	0	1	4	947	0	391
EDO. FALCON	MP. BOLIVAR	PQ. LA PE#A	1	0	6	949	1	275
EDO. FALCON	MP. BUCHIVACOA	PQ. ZAZARIDA	2	0	17	2533	1	599
EDO. FALCON	MP. BUCHIVACOA	PQ. BARIRO	2	0	8	793	0	832
EDO. FALCON	MP. BUCHIVACOA	PQ. GUAJIRO	1	0	7	714	3	527
EDO. FALCON	MP. BUCHIVACOA	PQ. SEQUE	1	1	8	964	1	583
EDO. FALCON	MP. BUCHIVACOA	PQ. CAPATARIDA	0	0	28	2872	3	2019
EDO. FALCON	MP. BUCHIVACOA	PQ. BOROJO	0	0	6	731	0	592
EDO. FALCON	CE. MIRANDA	PQ. RIO SECO	1	2	11	1244	0	406
EDO. FALCON	CE. MIRANDA	PQ. SAN ANTONIO	37	27	366	32577	27	22787
EDO. FALCON	CE. MIRANDA	PQ. MITARE	1	0	6	564	0	399
EDO. FALCON	CE. MIRANDA	PQ. SABANETA	2	0	9	1475	1	710
EDO. FALCON	CE. MIRANDA	PQ. GUZMAN GUILLERMO	3	3	27	2341	2	918
EDO. FALCON	CE. MIRANDA	PQ. SANTA ANA	7	3	87	6450	5	6673
EDO. FALCON	CE. MIRANDA	PQ. SAN GABRIEL	9	9	168	12760	12	17293
DTTO. CAPITAL	CE. BLVNO LIBERTADOR	PQ. LA PASTORA	39	15	254	29109	67	26166
DTTO. CAPITAL	CE. BLVNO LIBERTADOR	PQ. CARICUAO	64	27	379	45583	98	41268
DTTO. CAPITAL	CE. BLVNO LIBERTADOR	PQ. EL PARAISO	28	22	269	26591	60	44786
DTTO. CAPITAL	CE. BLVNO LIBERTADOR	PQ. ALTAGRACIA	11	5	133	12975	22	14754
DTTO. CAPITAL	CE. BLVNO LIBERTADOR	PQ. SAN PEDRO	23	23	103	11964	46	33335
DTTO. CAPITAL	CE. BLVNO LIBERTADOR	PQ. SAN JOSE	16	1	114	11442	31	14259
DTTO. CAPITAL	CE. BLVNO LIBERTADOR	PQ. EL JUNQUITO	21	19	167	18317	32	15069
DTTO. CAPITAL	CE. BLVNO LIBERTADOR	PQ. SANTA TERESA	8	7	71	6498	17	9262
DTTO. CAPITAL	CE. BLVNO LIBERTADOR	PQ. CANDELARIA	23	12	120	12527	48	25314
DTTO. CAPITAL	CE. BLVNO LIBERTADOR	PQ. ANTIMANO	51	28	320	56372	57	18241
DTTO. CAPITAL	CE. BLVNO LIBERTADOR	PQ. LA VEGA	44	25	342	44943	70	32020
DTTO. CAPITAL	CE. BLVNO LIBERTADOR	PQ. MACARAO	33	21	155	26970	37	10221
DTTO. CAPITAL	CE. BLVNO LIBERTADOR	PQ. SAN BERNARDINO	5	5	66	6273	16	13012
DTTO. CAPITAL	CE. BLVNO LIBERTADOR	PQ. 23 DE ENERO	51	23	241	38663	70	19220
DTTO. CAPITAL	CE. BLVNO LIBERTADOR	PQ. COCHE	25	16	162	25357	39	16574
DTTO. CAPITAL	CE. BLVNO LIBERTADOR	PQ. EL RECREO	24	22	224	24965	70	44791
DTTO. CAPITAL	CE. BLVNO LIBERTADOR	PQ. CATEDRAL	7	6	55	8403	6	3802
DTTO. CAPITAL	CE. BLVNO LIBERTADOR	PQ. SAN AGUSTIN	13	10	88	16028	17	9478
DTTO. CAPITAL	CE. BLVNO LIBERTADOR	PQ. SAN JUAN	47	21	278	32389	66	28535
DTTO. CAPITAL	CE. BLVNO LIBERTADOR	PQ. EL VALLE	62	22	361	55677	81	34497
DTTO. CAPITAL	CE. BLVNO LIBERTADOR	PQ. SANTA ROSALIA	44	18	260	36481	52	29515
DTTO. CAPITAL	CE. BLVNO LIBERTADOR	PQ. SUCRE	157	92	1162	147635	251	80193
EDO. TRUJILLO	MP. PAMPANITO	PQ. LA CONCEPCION	1	0	10	1654	2	1063
EDO. TRUJILLO	MP. PAMPANITO	PQ. PAMPANITO	1	2	25	3997	2	2574
EDO. TRUJILLO	MP. PAMPANITO	PQ. PAMPANITO II	2	2	21	3458	0	1488
EDO. TRUJILLO	MP. MOTATAN	PQ. MOTATAN	0	1	29	4689	2	2131
EDO. TRUJILLO	MP. MOTATAN	PQ. EL BA#O	1	0	2	880	0	371
EDO. TRUJILLO	MP. MOTATAN	PQ. JALISCO	3	1	6	2095	0	579
EDO. TRUJILLO	MP. ANDRES BELLO	PQ. EL JAGUITO	1	0	2	1374	0	597
EDO. TRUJILLO	MP. ANDRES BELLO	PQ. SANTA ISABEL	3	0	10	2419	1	1125
EDO. TRUJILLO	MP. ANDRES BELLO	PQ. ARAGUANEY	0	0	2	738	0	400
EDO. TRUJILLO	MP. ANDRES BELLO	PQ. LA ESPERANZA	0	0	3	1452	0	478
EDO. TRUJILLO	MP. BOCONO	PQ. MOSQUEY	1	0	23	2262	1	620
EDO. TRUJILLO	MP. BOCONO	PQ. EL CARMEN	10	4	101	9329	7	5566
EDO. TRUJILLO	MP. BOCONO	PQ. GENERAL RIVAS	6	3	10	1545	1	746
EDO. TRUJILLO	MP. BOCONO	PQ. BURBUSAY	0	0	11	1945	0	480
EDO. TRUJILLO	MP. BOCONO	PQ. SAN JOSE	5	0	11	2381	1	477
EDO. TRUJILLO	MP. BOCONO	PQ. GUARAMACAL	0	1	0	636	0	39
EDO. TRUJILLO	MP. BOCONO	PQ. LA VEGA DE GUARAMACAL	1	0	2	793	0	63
EDO. TRUJILLO	MP. BOCONO	PQ. RAFAEL RANGEL	3	1	14	1929	1	514
EDO. TRUJILLO	MP. BOCONO	PQ. SAN MIGUEL	2	1	5	2052	1	243
EDO. TRUJILLO	MP. BOCONO	PQ. MONSE#OR JAUREGUI	1	2	13	1760	2	528
EDO. TRUJILLO	MP. BOCONO	PQ. BOCONO	15	7	66	8069	9	5062
EDO. TRUJILLO	MP. BOCONO	PQ. AYACUCHO	3	0	4	1312	1	335
EDO. TRUJILLO	MP. RAFAEL RANGEL	PQ. JOSE G HERNANDEZ	1	1	20	2055	4	1344
EDO. TRUJILLO	MP. RAFAEL RANGEL	PQ. EL CEDRO	0	0	11	1563	2	1039
EDO. TRUJILLO	MP. RAFAEL RANGEL	PQ. BETIJOQUE	0	1	9	1593	0	1534
EDO. TRUJILLO	MP. RAFAEL RANGEL	PQ. LA PUEBLITA	3	0	15	1830	0	1428
EDO. TRUJILLO	MP. BOLIVAR	PQ. GRANADOS	2	0	6	1226	0	424
EDO. TRUJILLO	MP. BOLIVAR	PQ. CHEREGUE	0	0	13	1974	1	479
EDO. TRUJILLO	MP. BOLIVAR	PQ. SABANA GRANDE	0	0	8	2943	1	1146
EDO. TRUJILLO	CE. TRUJILLO	PQ. TRES ESQUINAS	4	0	11	1869	0	1111
EDO. TRUJILLO	CE. TRUJILLO	PQ. ANDRES LINARES	5	0	3	1354	0	714
EDO. TRUJILLO	CE. TRUJILLO	PQ. MATRIZ	6	1	20	2908	5	2717
EDO. TRUJILLO	CE. TRUJILLO	PQ. MONSE#OR CARRILLO	5	0	34	3898	1	1893
EDO. TRUJILLO	CE. TRUJILLO	PQ. CHIQUINQUIRA	3	0	29	3423	2	2543
EDO. TRUJILLO	CE. TRUJILLO	PQ. CRISTOBAL MENDOZA	1	0	39	5395	9	3411
EDO. TRUJILLO	CE. TRUJILLO	PQ. CRUZ CARRILLO	1	0	10	1550	3	1132
EDO. TRUJILLO	MP. CARACHE	PQ. PANAMERICANA	1	0	8	1364	0	191
EDO. TRUJILLO	MP. CARACHE	PQ. LA CONCEPCION	2	1	7	2523	1	516
EDO. TRUJILLO	MP. CARACHE	PQ. CARACHE	4	2	32	4407	0	2481
EDO. TRUJILLO	MP. CARACHE	PQ. SANTA CRUZ	0	0	8	1026	1	312
EDO. TRUJILLO	MP. CARACHE	PQ. CUICAS	4	0	14	2829	1	813
EDO. TRUJILLO	MP. CANDELARIA	PQ. MANUEL SALVADOR ULLOA	0	0	4	956	0	194
EDO. TRUJILLO	MP. CANDELARIA	PQ. ARNOLDO GABALDON	0	1	5	1333	0	249
EDO. TRUJILLO	MP. CANDELARIA	PQ. CEGARRA	0	0	2	483	0	149
EDO. TRUJILLO	MP. CANDELARIA	PQ. SAN JOSE	2	0	9	1650	0	275
EDO. TRUJILLO	MP. CANDELARIA	PQ. BOLIVIA	2	0	9	1498	0	309
EDO. TRUJILLO	MP. CANDELARIA	PQ. CARRILLO	0	0	1	1003	0	285
EDO. TRUJILLO	MP. CANDELARIA	PQ. CHEJENDE	2	1	27	4559	1	1458
EDO. TRUJILLO	MP. SUCRE	PQ. EL PARAISO	0	0	0	632	0	289
EDO. TRUJILLO	MP. SUCRE	PQ. SABANA DE MENDOZA	0	3	25	3541	2	2451
EDO. TRUJILLO	MP. SUCRE	PQ. JUNIN	0	0	3	1452	0	657
EDO. TRUJILLO	MP. SUCRE	PQ. VALMORE RODRIGUEZ	5	4	22	4331	0	1836
EDO. TRUJILLO	MP. PAMPAN	PQ. SANTA ANA	2	1	11	3535	1	907
EDO. TRUJILLO	MP. PAMPAN	PQ. FLOR DE PATRIA	1	2	24	4815	1	2567
EDO. TRUJILLO	MP. PAMPAN	PQ. LA PAZ	6	2	41	6717	1	2100
EDO. TRUJILLO	MP. PAMPAN	PQ. PAMPAN	0	1	28	2832	2	2296
EDO. TRUJILLO	MP. JUAN V CAMPO ELI	PQ. ARNOLDO GABALDON	1	1	3	1125	0	230
EDO. TRUJILLO	MP. JUAN V CAMPO ELI	PQ. CAMPO ELIAS	2	1	8	2161	2	762
EDO. TRUJILLO	MP. ESCUQUE	PQ. ESCUQUE	3	0	38	5176	3	3086
EDO. TRUJILLO	MP. ESCUQUE	PQ. SANTA RITA	1	0	11	1272	1	569
EDO. TRUJILLO	MP. ESCUQUE	PQ. SABANA LIBRE	2	0	14	2210	0	1680
EDO. TRUJILLO	MP. ESCUQUE	PQ. LA UNION	0	1	10	1079	0	770
EDO. TRUJILLO	MP. VALERA	PQ. LA PUERTA	2	0	18	3207	3	2222
EDO. TRUJILLO	MP. VALERA	PQ. SAN LUIS	6	1	46	5491	4	2929
EDO. TRUJILLO	MP. VALERA	PQ. MERCEDES DIAZ	17	14	127	18803	17	13720
EDO. TRUJILLO	MP. VALERA	PQ. MENDOZA	2	3	20	2939	3	2212
EDO. TRUJILLO	MP. VALERA	PQ. LA BEATRIZ	3	1	24	3278	3	3963
EDO. TRUJILLO	MP. VALERA	PQ. JUAN IGNACIO MONTILLA	9	2	67	8953	7	12383
EDO. TRUJILLO	MP. MONTE CARMELO	PQ. STA MARIA DEL HORCON	0	0	1	666	1	178
EDO. TRUJILLO	MP. MONTE CARMELO	PQ. MONTE CARMELO	2	0	20	2748	0	1196
EDO. TRUJILLO	MP. MONTE CARMELO	PQ. BUENA VISTA	0	1	7	2587	0	863
EDO. TRUJILLO	MP. URDANETA	PQ. CABIMBU	3	1	1	830	0	695
EDO. TRUJILLO	MP. URDANETA	PQ. TU#AME	10	2	15	1670	0	568
EDO. TRUJILLO	MP. URDANETA	PQ. JAJO	1	1	8	2277	0	1485
EDO. TRUJILLO	MP. URDANETA	PQ. LA QUEBRADA	2	1	10	2366	1	1691
EDO. TRUJILLO	MP. URDANETA	PQ. LA MESA	2	0	22	2707	1	1348
EDO. TRUJILLO	MP. URDANETA	PQ. SANTIAGO	1	0	8	1933	1	551
EDO. TRUJILLO	MP. LA CEIBA	PQ. LA CEIBA	0	1	0	544	0	97
EDO. TRUJILLO	MP. LA CEIBA	PQ. SANTA APOLONIA	0	0	4	2115	0	555
EDO. TRUJILLO	MP. LA CEIBA	PQ. TRES DE FEBRERO	1	1	11	2871	0	626
EDO. TRUJILLO	MP. LA CEIBA	PQ. EL PROGRESO	0	1	5	2039	0	655
EDO. TRUJILLO	MP. JOSE F M CA#IZAL	PQ. ANTONIO JOSE DE SUCRE	0	0	1	357	0	295
EDO. TRUJILLO	MP. JOSE F M CA#IZAL	PQ. EL SOCORRO	2	1	6	1490	0	802
EDO. TRUJILLO	MP. JOSE F M CA#IZAL	PQ. LOS CAPRICHOS	0	0	4	183	0	90
EDO. TRUJILLO	MP. MIRANDA	PQ. EL CENIZO	2	0	8	1157	0	234
EDO. TRUJILLO	MP. MIRANDA	PQ. AGUA SANTA	1	1	10	2057	1	657
EDO. TRUJILLO	MP. MIRANDA	PQ. EL DIVIDIVE	0	0	18	3819	0	2223
EDO. TRUJILLO	MP. MIRANDA	PQ. VALERITA	0	0	7	363	0	59
EDO. TRUJILLO	MP. MIRANDA	PQ. AGUA CALIENTE	0	0	4	657	0	166
EDO. TRUJILLO	MP.S RAFAEL CARVAJAL	PQ. CARVAJAL	2	1	16	3763	3	3546
EDO. TRUJILLO	MP.S RAFAEL CARVAJAL	PQ. ANTONIO N BRICE#O	4	1	15	3554	2	2459
EDO. TRUJILLO	MP.S RAFAEL CARVAJAL	PQ. JOSE LEONARDO SUAREZ	1	0	20	3296	1	1617
EDO. TRUJILLO	MP.S RAFAEL CARVAJAL	PQ. CAMPO ALEGRE	3	1	33	6497	1	4627
EDO. APURE	MP. PEDRO CAMEJO	PQ. CUNAVICHE	3	0	24	4386	1	2396
EDO. APURE	MP. PEDRO CAMEJO	PQ. SAN JUAN DE PAYARA	1	2	16	3724	1	1948
EDO. APURE	MP. PEDRO CAMEJO	PQ. CODAZZI	1	0	5	1407	0	391
EDO. APURE	MP. MU#OZ	PQ. QUINTERO	0	0	2	390	0	202
EDO. APURE	MP. MU#OZ	PQ. RINCON HONDO	0	1	13	2119	1	661
EDO. APURE	MP. MU#OZ	PQ. MANTECAL	3	1	44	5385	0	1683
EDO. APURE	MP. MU#OZ	PQ. SAN VICENTE	0	0	7	1054	0	348
EDO. APURE	MP. MU#OZ	PQ. BRUZUAL	3	1	20	2645	0	779
EDO. APURE	MP. ROMULO GALLEGOS	PQ. ELORZA	9	2	59	7310	0	3026
EDO. APURE	MP. ROMULO GALLEGOS	PQ. LA TRINIDAD	2	1	8	1792	1	717
EDO. APURE	CE. SAN FERNANDO	PQ. SAN FERNANDO	45	11	364	38752	21	24572
EDO. APURE	CE. SAN FERNANDO	PQ. EL RECREO	6	1	89	10343	6	3681
EDO. APURE	CE. SAN FERNANDO	PQ. SN RAFAEL DE ATAMAICA	1	1	16	2301	0	1124
EDO. APURE	CE. SAN FERNANDO	PQ. PE#ALVER	1	0	5	2972	2	964
EDO. APURE	MP. PAEZ	PQ. SAN CAMILO	8	3	52	5064	0	2972
EDO. APURE	MP. PAEZ	PQ. EL AMPARO	2	3	64	3574	3	2079
EDO. APURE	MP. PAEZ	PQ. ARAMENDI	0	1	9	1184	0	613
EDO. APURE	MP. PAEZ	PQ. URDANETA	7	4	56	4624	2	1235
EDO. APURE	MP. PAEZ	PQ. GUASDUALITO	16	10	196	14016	11	10948
EDO. APURE	MP. ACHAGUAS	PQ. EL YAGUAL	2	0	6	1665	0	590
EDO. APURE	MP. ACHAGUAS	PQ. GUACHARA	0	0	6	1525	0	609
EDO. APURE	MP. ACHAGUAS	PQ. ACHAGUAS	15	5	131	11608	2	4403
EDO. APURE	MP. ACHAGUAS	PQ. MUCURITAS	1	0	11	1972	1	759
EDO. APURE	MP. ACHAGUAS	PQ. APURITO	3	1	19	1802	2	635
EDO. APURE	MP. ACHAGUAS	PQ. QUESERAS DEL MEDIO	2	1	9	2127	0	594
EDO. APURE	MP. BIRUACA	PQ. BIRUACA	10	4	147	19146	7	9408
EDO. CARABOBO	MP. SAN DIEGO	PQ. URB SAN DIEGO	31	9	184	14289	30	36739
EDO. CARABOBO	MP. LOS GUAYOS	PQ. U LOS GUAYOS	36	19	428	48671	47	27536
EDO. CARABOBO	MP. BEJUMA	PQ. CANOABO	5	2	11	2290	4	1796
EDO. CARABOBO	MP. BEJUMA	PQ. SIMON BOLIVAR	1	2	14	2421	1	2332
EDO. CARABOBO	MP. BEJUMA	PQ. BEJUMA	7	4	64	8765	7	8287
EDO. CARABOBO	MP. NAGUANAGUA	PQ. NAGUANAGUA	40	29	298	32100	42	47849
EDO. CARABOBO	MP. CARLOS ARVELO	PQ. GUIGUE	22	11	235	24870	17	10759
EDO. CARABOBO	MP. CARLOS ARVELO	PQ. BELEN	6	1	29	5444	2	1865
EDO. CARABOBO	MP. CARLOS ARVELO	PQ. TACARIGUA	24	14	175	21941	15	8355
EDO. CARABOBO	MP. LIBERTADOR	PQ. U INDEPENDENCIA	27	10	99	14448	10	5380
EDO. CARABOBO	MP. LIBERTADOR	PQ. U TOCUYITO	37	35	286	39261	36	23621
EDO. CARABOBO	MP. MIRANDA	PQ. MIRANDA	5	2	64	9829	5	5011
EDO. CARABOBO	MP. SAN JOAQUIN	PQ. SAN JOAQUIN	18	9	151	18013	23	12844
EDO. CARABOBO	MP. DIEGO IBARRA	PQ. AGUAS CALIENTES	18	8	148	21002	11	5764
EDO. CARABOBO	MP. DIEGO IBARRA	PQ. MARIARA	24	4	125	17288	13	8693
EDO. CARABOBO	CE. VALENCIA	PQ. SANTA ROSA	18	17	256	23433	33	16559
EDO. CARABOBO	CE. VALENCIA	PQ. CATEDRAL	4	1	17	1275	1	1776
EDO. CARABOBO	CE. VALENCIA	PQ. NEGRO PRIMERO	1	0	2	376	0	25
EDO. CARABOBO	CE. VALENCIA	PQ. EL SOCORRO	2	1	20	1240	2	2639
EDO. CARABOBO	CE. VALENCIA	PQ. SAN JOSE	19	10	169	10250	48	75463
EDO. CARABOBO	CE. VALENCIA	PQ. CANDELARIA	8	8	103	9489	18	10176
EDO. CARABOBO	CE. VALENCIA	PQ. SAN BLAS	4	5	64	5916	5	10497
EDO. CARABOBO	CE. VALENCIA	PQ. MIGUEL PE#A	93	69	1062	105770	105	65196
EDO. CARABOBO	CE. VALENCIA	PQ. RAFAEL URDANETA	48	27	530	52652	37	46452
EDO. CARABOBO	MP. JUAN JOSE MORA	PQ. URAMA	3	3	14	3745	1	1036
EDO. CARABOBO	MP. JUAN JOSE MORA	PQ. MORON	20	25	143	25302	20	8922
EDO. CARABOBO	MP. GUACARA	PQ. CIUDAD ALIANZA	2	1	24	2640	4	9430
EDO. CARABOBO	MP. GUACARA	PQ. GUACARA	42	18	409	42274	39	27954
EDO. CARABOBO	MP. GUACARA	PQ. YAGUA	7	4	41	5899	1	4223
EDO. CARABOBO	MP. MONTALBAN	PQ. MONTALBAN	5	2	46	7394	3	5960
EDO. CARABOBO	MP. PUERTO CABELLO	PQ. FRATERNIDAD	2	4	29	3378	3	3443
EDO. CARABOBO	MP. PUERTO CABELLO	PQ. PATANEMO	1	0	17	1340	0	790
EDO. CARABOBO	MP. PUERTO CABELLO	PQ. JUAN JOSE FLORES	15	15	136	22366	17	13873
EDO. CARABOBO	MP. PUERTO CABELLO	PQ. GOAIGOAZA	15	2	85	15901	15	9103
EDO. CARABOBO	MP. PUERTO CABELLO	PQ. DEMOCRACIA	5	8	36	6914	5	2362
EDO. CARABOBO	MP. PUERTO CABELLO	PQ. BORBURATA	2	1	26	3215	3	1506
EDO. CARABOBO	MP. PUERTO CABELLO	PQ. UNION	2	3	16	1771	2	1437
EDO. CARABOBO	MP. PUERTO CABELLO	PQ. BARTOLOME SALOM	4	9	81	13691	13	9480
EDO. VARGAS	CE. VARGAS	PQ. CARABALLEDA	9	5	95	11200	14	11666
EDO. VARGAS	CE. VARGAS	PQ. MAIQUETIA	13	8	106	13985	24	8925
EDO. VARGAS	CE. VARGAS	PQ. CARLOS SOUBLETTE	13	5	145	16759	25	9188
EDO. VARGAS	CE. VARGAS	PQ. CARAYACA	21	9	87	13480	11	4486
EDO. VARGAS	CE. VARGAS	PQ. NAIGUATA	5	3	47	7481	8	3362
EDO. VARGAS	CE. VARGAS	PQ. MACUTO	3	2	51	5419	9	6056
EDO. VARGAS	CE. VARGAS	PQ. CARUAO	5	2	16	2587	3	1129
EDO. VARGAS	CE. VARGAS	PQ. URIMARE	13	15	95	11516	12	8142
EDO. VARGAS	CE. VARGAS	PQ. CATIA LA MAR	34	12	244	32487	38	17022
EDO. VARGAS	CE. VARGAS	PQ. EL JUNKO	10	4	32	3113	3	2275
EDO. VARGAS	CE. VARGAS	PQ. LA GUAIRA	7	3	89	8338	10	5688
EDO. ZULIA	MP. LA CA#ADA DE U.	PQ. CHIQUINQUIRA	1	1	12	3887	0	2430
EDO. ZULIA	MP. LA CA#ADA DE U.	PQ. POTRERITOS	0	0	3	2263	0	1496
EDO. ZULIA	MP. LA CA#ADA DE U.	PQ. CONCEPCION	3	0	32	8164	3	9313
EDO. ZULIA	MP. LA CA#ADA DE U.	PQ. ANDRES BELLO (KM 48)	0	0	9	3035	2	1519
EDO. ZULIA	MP. LA CA#ADA DE U.	PQ. EL CARMELO	1	0	5	2466	0	2312
EDO. ZULIA	MP. LAGUNILLAS	PQ. ELEAZAR LOPEZ C	0	1	3	1130	0	615
EDO. ZULIA	MP. LAGUNILLAS	PQ. LIBERTAD	8	3	90	9757	6	10122
EDO. ZULIA	MP. LAGUNILLAS	PQ. ALONSO DE OJEDA	38	19	196	25818	27	29793
EDO. ZULIA	MP. LAGUNILLAS	PQ. CAMPO LARA	0	0	7	1737	1	1277
EDO. ZULIA	MP. LAGUNILLAS	PQ. VENEZUELA	9	7	67	8438	6	10096
EDO. ZULIA	MP. BLVNO GUAJIRA	PQ. ELIAS SANCHEZ RUBIO	2	0	19	3130	0	1497
EDO. ZULIA	MP. BLVNO GUAJIRA	PQ. ALTA GUAJIRA	1	1	8	2138	0	606
EDO. ZULIA	MP. BLVNO GUAJIRA	PQ. SINAMAICA	6	2	40	5292	0	2567
EDO. ZULIA	MP. BLVNO GUAJIRA	PQ. GUAJIRA	18	9	90	14564	3	5436
EDO. ZULIA	MP. COLON	PQ. SAN CARLOS DEL ZULIA	3	0	34	4585	2	4333
EDO. ZULIA	MP. COLON	PQ. URRIBARRI	3	2	23	3659	1	2164
EDO. ZULIA	MP. COLON	PQ. SANTA BARBARA	4	6	77	13923	6	11535
EDO. ZULIA	MP. COLON	PQ. MORALITO	5	1	22	5740	0	3289
EDO. ZULIA	MP. COLON	PQ. SANTA CRUZ DEL ZULIA	1	1	4	2200	0	2235
EDO. ZULIA	MP. JESUS E LOSSADA	PQ. SAN JOSE	4	1	14	4371	1	1988
EDO. ZULIA	MP. JESUS E LOSSADA	PQ. LA CONCEPCION	16	7	97	16495	12	12876
EDO. ZULIA	MP. JESUS E LOSSADA	PQ. MARIANO PARRA LEON	1	0	4	2179	0	1436
EDO. ZULIA	MP. JESUS E LOSSADA	PQ. JOSE RAMON YEPEZ	5	0	13	5838	0	3257
EDO. ZULIA	MP. ALMIRANTE P	PQ. ISLA DE TOAS	0	0	15	3899	0	1547
EDO. ZULIA	MP. ALMIRANTE P	PQ. MONAGAS	0	0	0	1746	0	339
EDO. ZULIA	MP. CATATUMBO	PQ. UDON PEREZ	1	1	17	3004	2	2890
EDO. ZULIA	MP. CATATUMBO	PQ. ENCONTRADOS	3	0	18	3979	0	3526
EDO. ZULIA	MP. SIMON BOLIVAR	PQ. RAFAEL MARIA BARALT	8	5	23	5675	4	3482
EDO. ZULIA	MP. SIMON BOLIVAR	PQ. MANUEL MANRIQUE	3	5	51	6828	4	7346
EDO. ZULIA	MP. SIMON BOLIVAR	PQ. RAFAEL URDANETA	2	2	11	1728	2	891
EDO. ZULIA	MP. MACHIQUES DE P	PQ. SAN JOSE DE PERIJA	3	1	24	4055	1	4801
EDO. ZULIA	MP. MACHIQUES DE P	PQ. RIO NEGRO	4	0	8	2035	0	746
EDO. ZULIA	MP. MACHIQUES DE P	PQ. LIBERTAD	20	12	132	19148	2	15726
EDO. ZULIA	MP. MACHIQUES DE P	PQ.BARTOLOME DE LAS CASAS	3	0	19	3468	0	3437
EDO. ZULIA	MP. SAN FRANCISCO	PQ. LOS CORTIJOS	9	4	70	15084	9	6922
EDO. ZULIA	MP. SAN FRANCISCO	PQ. DOMITILA FLORES	34	6	263	41385	15	25160
EDO. ZULIA	MP. SAN FRANCISCO	PQ. MARCIAL HERNANDEZ	6	2	28	8624	2	4306
EDO. ZULIA	MP. SAN FRANCISCO	PQ. SAN FRANCISCO	16	6	185	32456	26	33136
EDO. ZULIA	MP. SAN FRANCISCO	PQ. EL BAJO	7	2	27	5998	2	3634
EDO. ZULIA	MP. SAN FRANCISCO	PQ. FRANCISCO OCHOA	24	5	122	20282	15	20332
EDO. ZULIA	MP. SANTA RITA	PQ. PEDRO LUCAS URRIBARRI	0	0	5	1657	0	1015
EDO. ZULIA	MP. SANTA RITA	PQ. JOSE CENOVIO URRIBARR	2	5	28	4920	2	3810
EDO. ZULIA	MP. SANTA RITA	PQ. EL MENE	1	1	16	1932	3	1403
EDO. ZULIA	MP. SANTA RITA	PQ. SANTA RITA	5	4	60	9913	5	6922
EDO. ZULIA	MP.VALMORE RODRIGUEZ	PQ. LA VICTORIA	11	4	74	7847	4	7538
EDO. ZULIA	MP.VALMORE RODRIGUEZ	PQ. RAUL CUENCA	10	1	30	5135	1	2742
EDO. ZULIA	MP.VALMORE RODRIGUEZ	PQ. RAFAEL URDANETA	2	1	32	3061	2	2803
EDO. ZULIA	MP. SUCRE	PQ. ROMULO GALLEGOS	6	2	46	6575	3	4385
EDO. ZULIA	MP. SUCRE	PQ. EL BATEY	1	3	11	2470	1	1011
EDO. ZULIA	MP. SUCRE	PQ. GIBRALTAR	2	1	8	3604	0	1657
EDO. ZULIA	MP. SUCRE	PQ. BOBURES	0	1	3	2051	2	1116
EDO. ZULIA	MP. SUCRE	PQ. HERAS	0	2	7	1944	1	1013
EDO. ZULIA	MP. SUCRE	PQ. M.ARTURO CELESTINO A	2	2	6	2287	1	1426
EDO. ZULIA	MP. BARALT	PQ. GENERAL URDANETA	2	0	23	4740	1	1541
EDO. ZULIA	MP. BARALT	PQ. MARCELINO BRICE#O	0	1	3	1814	0	776
EDO. ZULIA	MP. BARALT	PQ. PUEBLO NUEVO	8	2	82	8094	2	5373
EDO. ZULIA	MP. BARALT	PQ. MANUEL GUANIPA MATOS	1	1	16	3607	1	2613
EDO. ZULIA	MP. BARALT	PQ. SAN TIMOTEO	0	0	20	2952	1	1507
EDO. ZULIA	MP. BARALT	PQ. LIBERTADOR	6	1	42	6197	1	4427
EDO. ZULIA	MP. CABIMAS	PQ. ARISTIDES CALVANI	1	0	6	1251	0	714
EDO. ZULIA	MP. CABIMAS	PQ. JORGE HERNANDEZ	13	5	75	16041	8	8854
EDO. ZULIA	MP. CABIMAS	PQ. AMBROSIO	15	6	125	13592	12	15476
EDO. ZULIA	MP. CABIMAS	PQ. LA ROSA	5	3	71	9895	8	8667
EDO. ZULIA	MP. CABIMAS	PQ. GERMAN RIOS LINARES	9	4	75	14073	9	7996
EDO. ZULIA	MP. CABIMAS	PQ. CARMEN HERRERA	9	3	62	8959	7	11222
EDO. ZULIA	MP. CABIMAS	PQ. PUNTA GORDA	0	1	25	3492	3	1764
EDO. ZULIA	MP. CABIMAS	PQ. SAN BENITO	7	2	50	8000	6	4322
EDO. ZULIA	MP. CABIMAS	PQ. ROMULO BETANCOURT	4	3	52	9041	4	4693
EDO. ZULIA	MP.ROSARIO DE PERIJA	PQ. EL ROSARIO	17	7	86	17849	4	15602
EDO. ZULIA	MP.ROSARIO DE PERIJA	PQ. SIXTO ZAMBRANO	0	0	3	2467	0	1560
EDO. ZULIA	MP.ROSARIO DE PERIJA	PQ. DONALDO GARCIA	0	0	1	1902	0	306
EDO. ZULIA	CE. MARACAIBO	PQ. CHIQUINQUIRA	11	8	105	11103	18	24487
EDO. ZULIA	CE. MARACAIBO	PQ. CRISTO DE ARANZA	24	8	144	29194	19	33897
EDO. ZULIA	CE. MARACAIBO	PQ. JUANA DE AVILA	19	2	100	13455	15	30257
EDO. ZULIA	CE. MARACAIBO	PQ. ANTONIO BORJAS ROMERO	9	11	111	21547	13	11622
EDO. ZULIA	CE. MARACAIBO	PQ. RAUL LEONI	9	4	62	11392	19	25350
EDO. ZULIA	CE. MARACAIBO	PQ. IDELFONZO VASQUEZ	28	18	149	29462	12	17571
EDO. ZULIA	CE. MARACAIBO	PQ. CACIQUE MARA	17	0	98	18282	21	20335
EDO. ZULIA	CE. MARACAIBO	PQ. LUIS HURTADO HIGUERA	7	4	82	19336	7	10461
EDO. ZULIA	CE. MARACAIBO	PQ. MANUEL DAGNINO	18	4	128	22115	25	20437
EDO. ZULIA	CE. MARACAIBO	PQ. VENANCIO PULGAR	31	18	105	27920	18	16268
EDO. ZULIA	CE. MARACAIBO	PQ. OLEGARIO VILLALOBOS	15	2	97	11209	25	39288
EDO. ZULIA	CE. MARACAIBO	PQ.CARACCIOLO PARRA PEREZ	7	4	88	13299	24	23323
EDO. ZULIA	CE. MARACAIBO	PQ. SAN ISIDRO	11	2	38	9422	5	3931
EDO. ZULIA	CE. MARACAIBO	PQ. FRANCISCO EUGENIO B	53	15	204	44601	40	35667
EDO. ZULIA	CE. MARACAIBO	PQ. SANTA LUCIA	7	3	49	7887	12	15684
EDO. ZULIA	CE. MARACAIBO	PQ. COQUIVACOA	13	2	119	22832	23	29787
EDO. ZULIA	CE. MARACAIBO	PQ. BOLIVAR	6	2	29	5149	5	10223
EDO. ZULIA	CE. MARACAIBO	PQ. CECILIO ACOSTA	14	2	86	13090	15	20811
EDO. ZULIA	MP. JESUS M SEMPRUN	PQ. BARI	0	1	14	2116	0	444
EDO. ZULIA	MP. JESUS M SEMPRUN	PQ. JESUS M SEMPRUN	2	0	40	6045	1	3188
EDO. ZULIA	MP. FRANCISCO J PULG	PQ. SIMON RODRIGUEZ	3	1	14	4288	1	3511
EDO. ZULIA	MP. FRANCISCO J PULG	PQ. CARLOS QUEVEDO	4	2	8	2599	1	1771
EDO. ZULIA	MP. FRANCISCO J PULG	PQ. FRANCISCO J PULGAR	0	0	4	1018	0	966
EDO. ZULIA	MP. MARA	PQ. LAS PARCELAS	8	2	16	6007	1	1628
EDO. ZULIA	MP. MARA	PQ. MONS.MARCOS SERGIO G	0	0	1	1638	0	390
EDO. ZULIA	MP. MARA	PQ. LA SIERRITA	11	3	62	14122	4	5476
EDO. ZULIA	MP. MARA	PQ. SAN RAFAEL	7	5	46	17586	6	6809
EDO. ZULIA	MP. MARA	PQ. LUIS DE VICENTE	8	0	26	5627	0	3244
EDO. ZULIA	MP. MARA	PQ. RICAURTE	13	9	86	15529	6	7653
EDO. ZULIA	MP. MARA	PQ. TAMARE	4	1	24	5482	1	2251
EDO. ZULIA	MP. MIRANDA	PQ. SAN ANTONIO	4	2	17	2957	2	1901
EDO. ZULIA	MP. MIRANDA	PQ. SAN JOSE	1	1	20	7802	3	2809
EDO. ZULIA	MP. MIRANDA	PQ. ALTAGRACIA	10	4	87	19586	6	10021
EDO. ZULIA	MP. MIRANDA	PQ. ANA MARIA CAMPOS	2	1	24	2608	1	1658
EDO. ZULIA	MP. MIRANDA	PQ. FARIA	1	0	4	2219	1	1133
EDO. ANZOATEGUI	MP. INDEPENDENCIA	PQ. MAMO	6	1	19	3345	2	643
EDO. ANZOATEGUI	MP. INDEPENDENCIA	CM. SOLEDAD	9	3	79	9098	6	4104
EDO. ANZOATEGUI	MP. FREITES	CM. CANTAURA	18	9	208	18295	6	14834
EDO. ANZOATEGUI	MP. FREITES	PQ. URICA	3	3	14	2379	1	1497
EDO. ANZOATEGUI	MP. FREITES	PQ. SANTA ROSA	2	0	15	2258	0	1322
EDO. ANZOATEGUI	MP. FREITES	PQ. LIBERTADOR
EDO. ANZOATEGUI	MP. CARVAJAL	PQ. SANTA BARBARA	0	0	0	478	0	337
EDO. ANZOATEGUI	MP. CARVAJAL	PQ. VALLE GUANAPE	4	1	32	3806	2	3284
EDO. ANZOATEGUI	MP. ARAGUA	CM. ARAGUA DE BARCELONA	14	10	109	9537	4	6670
EDO. ANZOATEGUI	MP. ARAGUA	PQ. CACHIPO	0	1	4	541	1	181
EDO. ANZOATEGUI	MP. MONAGAS	PQ. PIAR	0	0	1	543	0	364
EDO. ANZOATEGUI	MP. MONAGAS	PQ. UVERITO	0	0	11	805	2	624
EDO. ANZOATEGUI	MP. MONAGAS	PQ. ZUATA	1	0	8	1197	0	537
EDO. ANZOATEGUI	MP. MONAGAS	PQ. SANTA CLARA	4	0	9	1279	0	536
EDO. ANZOATEGUI	MP. MONAGAS	CM. MAPIRE	3	1	17	1133	0	768
EDO. ANZOATEGUI	MP. MONAGAS	PQ. SN DIEGO DE CABRUTICA	1	2	17	2284	0	757
EDO. ANZOATEGUI	MP. LIBERTAD	CM. SAN MATEO	3	0	43	3625	0	2568
EDO. ANZOATEGUI	MP. LIBERTAD	PQ. EL CARITO	0	0	7	614	0	555
EDO. ANZOATEGUI	MP. LIBERTAD	PQ. SANTA INES	1	0	7	921	0	577
EDO. ANZOATEGUI	MP. GUANTA	PQ. GUANTA	2	2	55	6373	1	6417
EDO. ANZOATEGUI	MP. GUANTA	PQ. CHORRERON	2	1	50	4356	4	2612
EDO. ANZOATEGUI	CE. BOLIVAR	PQ. SAN CRISTOBAL	57	25	705	49917	38	45716
EDO. ANZOATEGUI	CE. BOLIVAR	PQ. CAIGUA	2	1	16	2010	2	1095
EDO. ANZOATEGUI	CE. BOLIVAR	PQ. BERGANTIN	4	0	17	1526	0	858
EDO. ANZOATEGUI	CE. BOLIVAR	PQ. EL CARMEN	48	39	582	48068	40	47319
EDO. ANZOATEGUI	CE. BOLIVAR	PQ. NARICUAL	4	2	70	4595	2	3069
EDO. ANZOATEGUI	CE. BOLIVAR	PQ. EL PILAR	2	1	13	999	1	637
EDO. ANZOATEGUI	MP. PE#ALVER	CM. PUERTO PIRITU	10	6	112	6775	5	6748
EDO. ANZOATEGUI	MP. PE#ALVER	PQ. SUCRE	0	0	8	955	0	660
EDO. ANZOATEGUI	MP. PE#ALVER	PQ. SAN MIGUEL	0	0	14	1190	0	840
EDO. ANZOATEGUI	MP. SOTILLO	CM. PUERTO LA CRUZ	25	19	230	19287	22	24950
EDO. ANZOATEGUI	MP. SOTILLO	PQ. POZUELOS	50	37	538	47294	51	39732
EDO. ANZOATEGUI	MP. GUANIPA	CM. SAN JOSE DE GUANIPA	14	6	298	22772	14	17907
EDO. ANZOATEGUI	MP. MIRANDA	CM. PARIAGUAN	14	3	142	10458	7	7556
EDO. ANZOATEGUI	MP. MIRANDA	PQ. EL PAO	3	0	12	1248	0	923
EDO. ANZOATEGUI	MP. MIRANDA	PQ. ATAPIRIRE	1	1	17	1340	0	1179
EDO. ANZOATEGUI	MP. MIRANDA	PQ. BOCA DEL PAO	2	0	1	889	0	582
EDO. ANZOATEGUI	MP. CAJIGAL	PQ. SAN PABLO	2	0	2	1188	1	506
EDO. ANZOATEGUI	MP. CAJIGAL	CM. ONOTO	2	3	48	3449	1	2099
EDO. ANZOATEGUI	MP. SANTA ANA	PQ. SANTA ANA	4	2	41	2777	0	2733
EDO. ANZOATEGUI	MP. SANTA ANA	PQ. PUEBLO NUEVO	1	1	4	444	1	238
EDO. ANZOATEGUI	MP. PIRITU	PQ. SAN FRANCISCO	0	0	2	346	0	218
EDO. ANZOATEGUI	MP. PIRITU	PQ. PIRITU	9	1	69	7619	6	6070
EDO. ANZOATEGUI	MP. BRUZUAL	PQ. GUANAPE	5	1	25	2250	0	1929
EDO. ANZOATEGUI	MP. BRUZUAL	PQ. SABANA DE UCHIRE	4	0	24	1627	1	1595
EDO. ANZOATEGUI	MP. BRUZUAL	CM. CLARINES	3	4	36	4772	2	4991
EDO. ANZOATEGUI	MP. ANACO	PQ. SAN JOAQUIN	3	1	41	2841	0	1980
EDO. ANZOATEGUI	MP. ANACO	PQ. ANACO	41	15	525	31500	32	32207
EDO. ANZOATEGUI	MP.S JUAN CAPISTRANO	PQ. BOCA UCHIRE	3	3	30	2618	1	2032
EDO. ANZOATEGUI	MP.S JUAN CAPISTRANO	PQ. BOCA DE CHAVEZ	0	0	4	346	0	296
EDO. ANZOATEGUI	MP. SIMON RODRIGUEZ	CM. EL TIGRE	35	25	619	42636	29	47411
EDO. ANZOATEGUI	MP. MC GREGOR	PQ.TOMAS ALFARO CALATRAVA	3	1	9	1034	0	181
EDO. ANZOATEGUI	MP. MC GREGOR	PQ. EL CHAPARRO	4	1	18	3086	0	1337
EDO. ANZOATEGUI	MP. L/DIEGO BAUTISTA	PQ. EL MORRO	1	0	13	771	1	3452
EDO. ANZOATEGUI	MP. L/DIEGO BAUTISTA	PQ. LECHERIAS	1	3	44	3934	12	18380
EDO. LARA	MP. ANDRES E BLANCO	PQ. PIO TAMAYO	7	8	100	9905	8	7055
EDO. LARA	MP. ANDRES E BLANCO	PQ. YACAMBU	6	4	18	2355	1	843
EDO. LARA	MP. ANDRES E BLANCO	PQ. QBDA. HONDA DE GUACHE	4	2	7	2871	2	298
EDO. LARA	MP. MORAN	PQ. HILARIO LUNA Y LUNA	10	9	36	4200	1	662
EDO. LARA	MP. MORAN	PQ. HUMOCARO BAJO	16	5	29	3820	1	2267
EDO. LARA	MP. MORAN	PQ. HUMOCARO ALTO	9	2	31	3984	1	915
EDO. LARA	MP. MORAN	PQ. ANZOATEGUI	3	3	14	2145	0	786
EDO. LARA	MP. MORAN	PQ. GUARICO	17	11	68	5852	3	2225
EDO. LARA	MP. MORAN	PQ. BOLIVAR	27	12	228	21322	16	15003
EDO. LARA	MP. MORAN	PQ. LA CANDELARIA	1	0	1	926	1	97
EDO. LARA	MP. MORAN	PQ. MORAN	5	0	13	1539	2	530
EDO. LARA	MP. JIMENEZ	PQ. CRNEL. MARIANO PERAZA	9	5	62	4532	10	2906
EDO. LARA	MP. JIMENEZ	PQ. JUAN B RODRIGUEZ	13	10	152	13000	14	8500
EDO. LARA	MP. JIMENEZ	PQ. TINTORERO	8	3	41	4454	7	1990
EDO. LARA	MP. JIMENEZ	PQ. SAN MIGUEL	2	1	21	1696	0	436
EDO. LARA	MP. JIMENEZ	PQ. PARAISO DE SAN JOSE	1	0	1	603	0	89
EDO. LARA	MP. JIMENEZ	PQ. CUARA	3	1	23	1810	0	850
EDO. LARA	MP. JIMENEZ	PQ. DIEGO DE LOZADA	5	0	36	2792	0	1446
EDO. LARA	MP. JIMENEZ	PQ. JOSE BERNARDO DORANTE	7	2	46	4379	3	1941
EDO. LARA	MP. TORRES	PQ. EL BLANCO	1	1	16	2114	0	1598
EDO. LARA	MP. TORRES	PQ. MANUEL MORILLO	0	0	6	1160	1	530
EDO. LARA	MP. TORRES	PQ. LAS MERCEDES	2	3	18	2298	1	1451
EDO. LARA	MP. TORRES	PQ. TORRES	2	0	4	463	0	261
EDO. LARA	MP. TORRES	PQ. ANTONIO DIAZ	1	0	9	1251	1	762
EDO. LARA	MP. TORRES	PQ. CECILIO ZUBILLAGA	3	0	15	2476	1	814
EDO. LARA	MP. TORRES	PQ. TRINIDAD SAMUEL	31	24	294	28039	24	28895
EDO. LARA	MP. TORRES	PQ. LARA	1	0	4	491	1	319
EDO. LARA	MP. TORRES	PQ. CHIQUINQUIRA	1	0	9	1635	1	1075
EDO. LARA	MP. TORRES	PQ. MONTA A VERDE	10	1	38	2523	3	1313
EDO. LARA	MP. TORRES	PQ. ESPINOZA LOS MONTEROS	2	1	16	2123	3	1134
EDO. LARA	MP. TORRES	PQ. HERIBERTO ARROYO	0	2	0	154	0	59
EDO. LARA	MP. TORRES	PQ. CASTA#EDA	0	2	15	920	2	665
EDO. LARA	MP. TORRES	PQ. MONTES DE OCA	0	0	6	797	1	553
EDO. LARA	MP. TORRES	PQ. CAMACARO	5	1	5	2664	0	1232
EDO. LARA	MP. TORRES	PQ. ALTAGRACIA	0	0	3	351	2	430
EDO. LARA	MP. TORRES	PQ. REYES VARGAS
EDO. LARA	MP. SIMON PLANAS	PQ. SARARE	10	7	43	6756	6	2372
EDO. LARA	MP. SIMON PLANAS	PQ. GUSTAVO VEGAS LEON	3	5	43	4819	1	1585
EDO. LARA	MP. SIMON PLANAS	PQ. BURIA	5	2	27	3059	2	1011
EDO. LARA	MP. CRESPO	PQ. JOSE MARIA BLANCO	18	1	61	5290	4	3768
EDO. LARA	MP. CRESPO	PQ. FREITEZ	17	9	98	8675	14	8437
EDO. LARA	MP. PALAVECINO	PQ. CABUDARE	22	7	238	14259	18	20397
EDO. LARA	MP. PALAVECINO	PQ. AGUA VIVA	12	2	46	4055	4	3974
EDO. LARA	MP. PALAVECINO	PQ. JOSE G. BASTIDAS	27	7	164	15268	17	28906
EDO. LARA	MP. URDANETA	PQ. MOROTURO	17	6	72	8198	3	2937
EDO. LARA	MP. URDANETA	PQ. SIQUISIQUE	18	5	66	8164	2	4348
EDO. LARA	MP. URDANETA	PQ. XAGUAS	2	0	7	831	0	1025
EDO. LARA	MP. URDANETA	PQ. SAN MIGUEL	11	2	44	4794	2	2278
EDO. LARA	CE. IRIBARREN	PQ. TAMACA	38	11	268	16868	12	11777
EDO. LARA	CE. IRIBARREN	PQ. SANTA ROSA	27	14	217	15671	29	32317
EDO. LARA	CE. IRIBARREN	PQ. CATEDRAL	52	15	421	26765	37	54049
EDO. LARA	CE. IRIBARREN	PQ. AGUEDO F. ALVARADO	7	3	49	3705	1	2437
EDO. LARA	CE. IRIBARREN	PQ. EL CUJI	24	6	185	11873	21	10453
EDO. LARA	CE. IRIBARREN	PQ. UNION	39	28	566	44397	50	33871
EDO. LARA	CE. IRIBARREN	PQ. LA CONCEPCION	48	21	460	32832	68	64684
EDO. LARA	CE. IRIBARREN	PQ. JUAREZ	11	2	51	4795	7	2732
EDO. LARA	CE. IRIBARREN	PQ. JUAN DE VILLEGAS	157	64	1269	96880	110	71233
EDO. LARA	CE. IRIBARREN	PQ. BUENA VISTA	5	5	17	2688	2	796
EDO. ARAGUA	MP.OCUMARE D L COSTA	PQ. OCUMARE DE LA COSTA	2	2	26	4057	2	2432
EDO. ARAGUA	MP. SANTOS MICHELENA	PQ. TIARA	1	0	9	1800	1	451
EDO. ARAGUA	MP. SANTOS MICHELENA	CM. LAS TEJERIAS	9	8	51	13141	4	3721
EDO. ARAGUA	MP. JOSE ANGEL LAMAS	CM. SANTA CRUZ	15	4	94	11485	9	7445
EDO. ARAGUA	MP. CAMATAGUA	CM. CAMATAGUA	3	1	47	4697	1	1980
EDO. ARAGUA	MP. CAMATAGUA	PQ. CARMEN DE CURA	1	0	14	1456	0	906
EDO. ARAGUA	MP.FRANCISCO LINARES	PQ. FRANCISCO DE MIRANDA	7	6	67	9291	12	4818
EDO. ARAGUA	MP.FRANCISCO LINARES	CM. SANTA RITA	39	6	230	30587	30	12760
EDO. ARAGUA	MP.FRANCISCO LINARES	PQ. MONS FELICIANO G	3	0	47	6875	5	1967
EDO. ARAGUA	MP. JOSE R REVENGA	CM. EL CONSEJO	22	12	104	19022	12	6369
EDO. ARAGUA	MP. SUCRE	CM. CAGUA	23	17	311	33000	46	29883
EDO. ARAGUA	MP. SUCRE	PQ. BELLA VISTA	6	2	17	3755	3	1283
EDO. ARAGUA	MP. LIBERTADOR	CM. PALO NEGRO	7	3	96	12429	18	6991
EDO. ARAGUA	MP. LIBERTADOR	PQ. SAN MARTIN DE PORRES	24	7	145	19970	21	9666
EDO. ARAGUA	MP. TOVAR	CM. COLONIA TOVAR	9	7	40	4874	4	4381
EDO. ARAGUA	MP. BOLIVAR	CM. SAN MATEO	13	4	101	16072	6	6341
EDO. ARAGUA	MP. MARIO B IRAGORRY	CM. EL LIMON	21	5	77	9651	23	14555
EDO. ARAGUA	MP. MARIO B IRAGORRY	PQ. CA A DE AZUCAR	27	10	162	21793	30	18470
EDO. ARAGUA	MP. URDANETA	PQ. TAGUAY	1	1	19	1988	2	678
EDO. ARAGUA	MP. URDANETA	PQ. SAN FRANCISCO DE CARA	0	0	4	1099	0	466
EDO. ARAGUA	MP. URDANETA	CM. BARBACOAS	4	0	32	4826	4	2048
EDO. ARAGUA	MP. URDANETA	PQ. LAS PE#ITAS	1	1	5	937	1	379
EDO. ARAGUA	MP. JOSE FELIX RIVAS	CM. JUAN VICENTE BOLIVAR	27	13	178	19630	23	14760
EDO. ARAGUA	MP. JOSE FELIX RIVAS	PQ. CASTOR NIEVES RIOS	12	2	118	14035	23	14314
EDO. ARAGUA	MP. JOSE FELIX RIVAS	PQ. ZUATA	8	3	72	11870	6	2921
EDO. ARAGUA	MP. JOSE FELIX RIVAS	PQ. PAO DE ZARATE	3	1	6	1466	2	329
EDO. ARAGUA	MP. JOSE FELIX RIVAS	PQ. LAS GUACAMAYAS	1	2	17	2430	1	1074
EDO. ARAGUA	MP. SAN SEBASTIAN	CM. SAN SEBASTIAN	11	3	39	8062	5	4849
EDO. ARAGUA	MP. ZAMORA	PQ. MAGDALENO	10	3	59	7280	3	2657
EDO. ARAGUA	MP. ZAMORA	CM. VILLA DE CURA	47	17	250	30692	25	14661
EDO. ARAGUA	MP. ZAMORA	PQ. PQ AUGUSTO MIJARES	1	0	22	2797	1	784
EDO. ARAGUA	MP. ZAMORA	PQ. VALLES DE TUCUTUNEMO	6	5	32	3955	3	727
EDO. ARAGUA	MP. ZAMORA	PQ. SAN FRANCISCO DE ASIS	5	3	60	7388	6	3675
EDO. ARAGUA	MP. SAN CASIMIRO	CM. SAN CASIMIRO	8	4	42	7960	4	3793
EDO. ARAGUA	MP. SAN CASIMIRO	PQ. VALLE MORIN	0	1	10	670	2	268
EDO. ARAGUA	MP. SAN CASIMIRO	PQ. OLLAS DE CARAMACATE	1	0	6	551	0	137
EDO. ARAGUA	MP. SAN CASIMIRO	PQ. GUIRIPA	2	0	2	869	0	330
EDO. ARAGUA	MP. SANTIAGO MARI#O	PQ. AREVALO APONTE	11	5	91	13998	10	4451
EDO. ARAGUA	MP. SANTIAGO MARI#O	CM. TURMERO	22	10	126	14192	26	19011
EDO. ARAGUA	MP. SANTIAGO MARI#O	PQ. ALFREDO PACHECO M	5	3	69	7899	11	3750
EDO. ARAGUA	MP. SANTIAGO MARI#O	PQ. CHUAO	1	0	3	769	0	117
EDO. ARAGUA	MP. SANTIAGO MARI#O	PQ. SAMAN DE GUERE	25	7	199	24760	16	14819
EDO. ARAGUA	CE. GIRARDOT	PQ. LOS TACARIGUAS	20	21	219	29475	27	15776
EDO. ARAGUA	CE. GIRARDOT	PQ. MADRE MA DE SAN JOSE	18	9	134	14489	25	29934
EDO. ARAGUA	CE. GIRARDOT	PQ. PEDRO JOSE OVALLES	31	8	175	22062	25	13151
EDO. ARAGUA	CE. GIRARDOT	PQ. JOAQUIN CRESPO	15	10	166	16151	28	19854
EDO. ARAGUA	CE. GIRARDOT	PQ. LAS DELICIAS	25	8	146	15050	26	19046
EDO. ARAGUA	CE. GIRARDOT	PQ. ANDRES ELOY BLANCO	20	11	153	17155	22	19357
EDO. ARAGUA	CE. GIRARDOT	PQ. JOSE CASANOVA GODOY	24	3	169	19797	18	20199
EDO. ARAGUA	CE. GIRARDOT	PQ. CHORONI	1	1	16	1980	0	861
EDO. MONAGAS	MP. SOTILLO	LOS BARRANCOS DE FAJARDO	5	1	30	2991	0	605
EDO. MONAGAS	MP. SOTILLO	CM. BARRANCAS	5	0	55	4608	2	2577
EDO. MONAGAS	MP. PUNCERES	CM. QUIRIQUIRE	3	4	74	5703	3	2844
EDO. MONAGAS	MP. PUNCERES	PQ. CACHIPO	0	2	42	4751	4	2912
EDO. MONAGAS	MP. CEDE#O	PQ. AREO	1	0	22	2258	0	746
EDO. MONAGAS	MP. CEDE#O	CM. CAICARA	14	1	58	4358	4	6262
EDO. MONAGAS	MP. CEDE#O	PQ. SAN FELIX	0	0	9	1300	0	1482
EDO. MONAGAS	MP. CEDE#O	PQ. VIENTO FRESCO	1	0	14	1129	1	870
EDO. MONAGAS	MP. PIAR	PQ. GUANAGUANA	4	0	8	1816	1	1099
EDO. MONAGAS	MP. PIAR	PQ. APARICIO	2	0	7	1352	0	893
EDO. MONAGAS	MP. PIAR	PQ. LA TOSCANA	0	2	27	3590	2	1859
EDO. MONAGAS	MP. PIAR	CM. ARAGUA	4	0	26	3566	0	2005
EDO. MONAGAS	MP. PIAR	PQ. EL PINTO	1	3	12	852	0	256
EDO. MONAGAS	MP. PIAR	PQ. CHAGUARAMAL	0	2	22	2786	3	1614
EDO. MONAGAS	MP. PIAR	PQ. TAGUAYA	1	0	8	1140	0	754
EDO. MONAGAS	MP. ACOSTA	PQ. SAN FRANCISCO	2	1	6	2281	3	1531
EDO. MONAGAS	MP. ACOSTA	CM. SAN ANTONIO	2	0	27	3807	4	3800
EDO. MONAGAS	MP. LIBERTADOR	CM. TEMBLADOR	6	6	132	11669	4	4644
EDO. MONAGAS	MP. LIBERTADOR	PQ. CHAGUARAMAS	2	1	14	2230	1	488
EDO. MONAGAS	MP. LIBERTADOR	PQ. LAS ALHUACAS
EDO. MONAGAS	MP. LIBERTADOR	PQ. TABASCA	3	0	16	1401	2	552
EDO. MONAGAS	MP. SANTA BARBARA	CM. SANTA BARBARA	1	0	28	3522	5	2138
EDO. MONAGAS	MP. BOLIVAR	CM. CARIPITO	4	6	101	12845	5	7260
EDO. MONAGAS	MP. CARIPE	PQ. LA GUANOTA	4	0	12	918	2	525
EDO. MONAGAS	MP. CARIPE	PQ. SAN AGUSTIN	3	2	8	1335	0	732
EDO. MONAGAS	MP. CARIPE	CM. CARIPE	6	2	19	3295	1	3126
EDO. MONAGAS	MP. CARIPE	PQ. TERESEN	4	2	9	2900	0	1140
EDO. MONAGAS	MP. CARIPE	PQ. SABANA DE PIEDRA	1	0	2	607	0	594
EDO. MONAGAS	MP. CARIPE	PQ. EL GUACHARO	1	1	8	1344	1	907
EDO. MONAGAS	MP. URACOA	CM. URACOA	4	1	24	2757	1	2931
EDO. MONAGAS	CE. MATURIN	PQ. SAN SIMON	40	15	425	34894	30	37391
EDO. MONAGAS	CE. MATURIN	PQ. SANTA CRUZ	11	4	112	10349	6	9286
EDO. MONAGAS	CE. MATURIN	PQ. SAN VICENTE	2	1	31	3293	1	1564
EDO. MONAGAS	CE. MATURIN	PQ. ALTO DE LOS GODOS	26	10	448	40861	21	29600
EDO. MONAGAS	CE. MATURIN	PQ. BOQUERON	16	6	170	14782	8	11263
EDO. MONAGAS	CE. MATURIN	PQ. JUSEPIN	1	2	42	5107	1	1772
EDO. MONAGAS	CE. MATURIN	PQ. LA PICA	3	4	45	4725	4	2504
EDO. MONAGAS	CE. MATURIN	PQ. EL FURRIAL	4	0	34	3516	4	1856
EDO. MONAGAS	CE. MATURIN	PQ. EL COROZO	2	0	18	2048	3	1083
EDO. MONAGAS	CE. MATURIN	PQ. LAS COCUIZAS	25	7	311	25859	21	18481
EDO. MONAGAS	MP. EZEQUIEL ZAMORA	CM. PUNTA DE MATA	12	8	157	16716	8	9742
EDO. MONAGAS	MP. EZEQUIEL ZAMORA	PQ. EL TEJERO	2	2	24	3871	1	2076
EDO. MONAGAS	MP. AGUASAY	CM. AGUASAY	4	1	59	5276	0	2965
EDO. BOLIVAR	MP. BLVNO ANGOSTURA	PQ. SAN FRANCISCO	5	1	22	2438	0	1166
EDO. BOLIVAR	MP. BLVNO ANGOSTURA	PQ. BARCELONETA	5	2	30	1942	1	1792
EDO. BOLIVAR	MP. BLVNO ANGOSTURA	PQ. SANTA BARBARA	0	1	11	844	1	598
EDO. BOLIVAR	MP. BLVNO ANGOSTURA	CM. CIUDAD PIAR	5	1	54	4240	4	4005
EDO. BOLIVAR	MP. GRAN SABANA	CM. SANTA ELENA DE UAIREN	20	17	98	6576	12	4422
EDO. BOLIVAR	MP. GRAN SABANA	PQ. IKABARU	1	0	0	343	0	262
EDO. BOLIVAR	MP. ROSCIO	CM. GUASIPATI	7	2	75	5513	2	6066
EDO. BOLIVAR	MP. ROSCIO	PQ. SALOM	1	0	6	515	0	534
EDO. BOLIVAR	MP. CEDE#O	PQ. LA URBANA	0	1	0	976	0	336
EDO. BOLIVAR	MP. CEDE#O	CM. CAICARA DEL ORINOCO	22	7	84	13732	4	5908
EDO. BOLIVAR	MP. CEDE#O	PQ. GUANIAMO
EDO. BOLIVAR	MP. CEDE#O	PQ. PIJIGUAOS	3	1	18	2419	1	847
EDO. BOLIVAR	MP. CEDE#O	PQ. ASCENSION FARRERAS	2	0	22	2390	1	1075
EDO. BOLIVAR	MP. CEDE#O	PQ. ALTAGRACIA	0	0	0	757	0	123
EDO. BOLIVAR	MP. PIAR	CM. UPATA	30	11	330	19720	6	26177
EDO. BOLIVAR	MP. PIAR	PQ. ANDRES ELOY BLANCO	1	2	38	2955	2	1729
EDO. BOLIVAR	MP. PIAR	PQ. PEDRO COVA	0	0	21	1425	1	1861
EDO. BOLIVAR	MP. SIFONTES	PQ. DALLA COSTA	2	6	29	2280	0	949
EDO. BOLIVAR	MP. SIFONTES	CM. TUMEREMO	9	6	112	5815	5	6338
EDO. BOLIVAR	MP. SIFONTES	PQ. SAN ISIDRO	3	5	43	2513	2	964
EDO. BOLIVAR	MP. EL CALLAO	CM. EL CALLAO	3	7	68	4664	3	7214
EDO. BOLIVAR	MP. CARONI	PQ. SIMON BOLIVAR	25	18	344	24944	23	21724
EDO. BOLIVAR	MP. CARONI	PQ. VISTA AL SOL	24	10	254	24264	10	8520
EDO. BOLIVAR	MP. CARONI	PQ. CHIRICA	24	11	369	30920	15	12922
EDO. BOLIVAR	MP. CARONI	PQ. CACHAMAY	12	3	112	9166	21	21188
EDO. BOLIVAR	MP. CARONI	PQ. UNARE	44	15	410	36937	55	39122
EDO. BOLIVAR	MP. CARONI	PQ. DALLA COSTA	30	7	301	26642	16	15506
EDO. BOLIVAR	MP. CARONI	PQ. UNIVERSIDAD	11	4	98	7349	12	24894
EDO. BOLIVAR	MP. CARONI	PQ. YOCOIMA	6	1	30	2735	0	879
EDO. BOLIVAR	MP. CARONI	PQ. ONCE DE ABRIL	28	12	338	28038	10	11877
EDO. BOLIVAR	MP. CARONI	PQ. POZO VERDE	11	8	50	6072	3	1750
EDO. BOLIVAR	MP. SUCRE	CM. MARIPA	5	0	25	1354	0	820
EDO. BOLIVAR	MP. SUCRE	PQ. LAS MAJADAS	0	0	0	249	0	201
EDO. BOLIVAR	MP. SUCRE	PQ. ARIPAO	2	0	4	492	0	214
EDO. BOLIVAR	MP. SUCRE	PQ. MOITACO	2	2	18	2207	0	1041
EDO. BOLIVAR	MP. SUCRE	PQ. GUARATARO	3	1	20	3109	4	840
EDO. BOLIVAR	MP.PADRE PEDRO CHIEN	CM. EL PALMAR	6	0	39	3714	1	3079
EDO. BOLIVAR	CE. HERES	PQ. CATEDRAL	10	8	265	17126	21	20753
EDO. BOLIVAR	CE. HERES	PQ. MARHUANTA	5	7	98	7637	4	4489
EDO. BOLIVAR	CE. HERES	PQ. VISTA HERMOSA	11	5	180	12557	27	21566
EDO. BOLIVAR	CE. HERES	PQ. PANAPANA	2	2	9	1113	2	294
EDO. BOLIVAR	CE. HERES	PQ. JOSE ANTONIO PAEZ	14	5	127	8462	1	4350
EDO. BOLIVAR	CE. HERES	PQ. LA SABANITA	22	16	321	21902	15	20184
EDO. BOLIVAR	CE. HERES	PQ. AGUA SALADA	11	8	206	15903	24	13078
EDO. BOLIVAR	CE. HERES	PQ. ORINOCO	1	1	6	784	1	292
EDO. BOLIVAR	CE. HERES	PQ. ZEA	0	0	5	716	1	398
EDO. MIRANDA	MP. CRISTOBAL ROJAS	PQ. CHARALLAVE	25	17	262	35542	48	19917
EDO. MIRANDA	MP. CRISTOBAL ROJAS	PQ. LAS BRISAS	6	5	41	5861	10	2320
EDO. MIRANDA	MP. INDEPENDENCIA	PQ. STA TERESA DEL TUY	29	14	139	25695	15	10492
EDO. MIRANDA	MP. INDEPENDENCIA	PQ. EL CARTANAL	20	7	180	25810	30	8624
EDO. MIRANDA	MP. EL HATILLO	PQ. EL HATILLO	16	4	82	7329	18	32950
EDO. MIRANDA	MP. BRION	PQ. HIGUEROTE	12	4	74	9638	11	6849
EDO. MIRANDA	MP. BRION	PQ. CURIEPE	6	2	27	4515	3	1865
EDO. MIRANDA	MP. BRION	PQ. TACARIGUA	2	0	42	4683	8	2745
EDO. MIRANDA	MP. BARUTA	PQ. BARUTA	32	24	210	24046	76	89601
EDO. MIRANDA	MP. BARUTA	PQ. EL CAFETAL	4	6	37	2504	17	30262
EDO. MIRANDA	MP. BARUTA	PQ. LAS MINAS DE BARUTA	13	4	71	9793	12	18346
EDO. MIRANDA	MP. CARRIZAL	PQ. CARRIZAL	21	8	101	12818	39	16466
EDO. MIRANDA	MP. PLAZA	PQ. GUARENAS	48	24	454	66334	94	44953
EDO. MIRANDA	MP. SIMON BOLIVAR	PQ. S ANTONIO DE YARE	4	0	25	4326	7	878
EDO. MIRANDA	MP. SIMON BOLIVAR	PQ. SAN FCO DE YARE	8	4	57	10830	9	4845
EDO. MIRANDA	CE. GUAICAIPURO	PQ. SAN PEDRO	5	2	29	2915	5	3061
EDO. MIRANDA	CE. GUAICAIPURO	PQ. EL JARILLO	0	2	6	814	1	860
EDO. MIRANDA	CE. GUAICAIPURO	PQ. LOS TEQUES	69	51	511	61846	108	60143
EDO. MIRANDA	CE. GUAICAIPURO	PQ. ALTAGRACIA DE LA M	2	1	11	1181	0	748
EDO. MIRANDA	CE. GUAICAIPURO	PQ. TACATA	2	0	10	1653	3	795
EDO. MIRANDA	CE. GUAICAIPURO	PQ. CECILIO ACOSTA	6	1	36	4585	6	4587
EDO. MIRANDA	CE. GUAICAIPURO	PQ. PARACOTOS	10	0	20	4127	4	2594
EDO. MIRANDA	MP. PEDRO GUAL	PQ. CUPIRA	4	5	62	5936	4	3481
EDO. MIRANDA	MP. PEDRO GUAL	PQ. MACHURUCUTO	0	0	3	380	0	343
EDO. MIRANDA	MP. PAZ CASTILLO	PQ. SANTA LUCIA	29	13	234	38237	33	12093
EDO. MIRANDA	MP. BUROZ	PQ. MAMPORAL	5	1	51	8728	4	3731
EDO. MIRANDA	MP. SUCRE	PQ. LEONCIO MARTINEZ	12	10	89	9889	37	35659
EDO. MIRANDA	MP. SUCRE	PQ. PETARE	127	69	918	115481	181	133484
EDO. MIRANDA	MP. SUCRE	PQ. LA DOLORITA	17	10	99	11755	13	4979
EDO. MIRANDA	MP. SUCRE	PQ. CAUCAGUITA	12	8	106	15770	20	9191
EDO. MIRANDA	MP. SUCRE	PQ. FILAS DE MARICHES	14	9	75	12149	4	4463
EDO. MIRANDA	MP. URDANETA	PQ. NUEVA CUA	13	14	102	15710	12	4547
EDO. MIRANDA	MP. URDANETA	PQ. CUA	28	14	198	28101	49	17261
EDO. MIRANDA	MP. ANDRES BELLO	PQ. CUMBO	0	1	2	345	0	251
EDO. MIRANDA	MP. ANDRES BELLO	PQ.SAN JOSE DE BARLOVENTO	6	4	41	7603	4	3391
EDO. MIRANDA	MP. LANDER	PQ. LA DEMOCRACIA	0	0	2	706	0	191
EDO. MIRANDA	MP. LANDER	PQ. SANTA BARBARA	5	2	18	5231	5	1254
EDO. MIRANDA	MP. LANDER	PQ. OCUMARE DEL TUY	38	18	309	47028	44	16612
EDO. MIRANDA	MP. ZAMORA	PQ. BOLIVAR	7	2	34	7729	10	3140
EDO. MIRANDA	MP. ZAMORA	PQ. GUATIRE	40	11	318	45310	72	40475
EDO. MIRANDA	MP. LOS SALIAS	PQ. SAN ANTONIO LOS ALTOS	21	9	74	10862	42	34740
EDO. MIRANDA	MP. ACEVEDO	PQ. AREVALO GONZALEZ	4	1	13	2311	0	737
EDO. MIRANDA	MP. ACEVEDO	PQ. PANAQUIRE	3	1	13	2649	1	1005
EDO. MIRANDA	MP. ACEVEDO	PQ. ARAGUITA	3	1	13	2741	0	840
EDO. MIRANDA	MP. ACEVEDO	PQ. MARIZAPA	2	1	22	3180	2	1230
EDO. MIRANDA	MP. ACEVEDO	PQ. CAUCAGUA	12	6	82	9272	14	4963
EDO. MIRANDA	MP. ACEVEDO	PQ. RIBAS	2	0	12	2622	3	943
EDO. MIRANDA	MP. ACEVEDO	PQ. EL CAFE	2	0	14	2200	0	757
EDO. MIRANDA	MP. ACEVEDO	PQ. CAPAYA	5	0	23	3882	4	1849
EDO. MIRANDA	MP. CHACAO	PQ. CHACAO	26	13	128	10910	40	48262
EDO. MIRANDA	MP. PAEZ	PQ. PAPARO	0	0	5	532	0	312
EDO. MIRANDA	MP. PAEZ	PQ. SN FERNANDO DEL GUAPO	1	1	14	1202	0	562
EDO. MIRANDA	MP. PAEZ	PQ. RIO CHICO	5	4	37	6579	2	4321
EDO. MIRANDA	MP. PAEZ	PQ.TACARIGUA DE LA LAGUNA	1	0	12	1459	2	1128
EDO. MIRANDA	MP. PAEZ	PQ. EL GUAPO	3	0	14	3139	2	1023
EDO. BARINAS	CE. BARINAS	PQ. DOMINGA ORTIZ P	1	0	13	2273	0	1276
EDO. BARINAS	CE. BARINAS	PQ. RAMON I MENDEZ	17	7	167	18423	5	11149
EDO. BARINAS	CE. BARINAS	PQ. CORAZON DE JESUS	14	16	160	16834	16	11444
EDO. BARINAS	CE. BARINAS	PQ. EL CARMEN	9	8	144	13955	10	15970
EDO. BARINAS	CE. BARINAS	PQ. ALTO BARINAS	15	3	119	12515	14	15167
EDO. BARINAS	CE. BARINAS	PQ. JUAN A RODRIGUEZ D	2	0	5	1217	0	764
EDO. BARINAS	CE. BARINAS	PQ. MANUEL P FAJARDO	5	0	13	2618	0	1784
EDO. BARINAS	CE. BARINAS	PQ. TORUNOS	0	0	4	1474	0	859
EDO. BARINAS	CE. BARINAS	PQ. BARINAS	5	2	50	3825	3	5689
EDO. BARINAS	CE. BARINAS	PQ. SANTA LUCIA	2	0	19	1674	0	1067
EDO. BARINAS	CE. BARINAS	PQ. ROMULO BETANCOURT	11	2	144	13258	13	10261
EDO. BARINAS	CE. BARINAS	PQ. SAN SILVESTRE	1	1	29	3030	1	1291
EDO. BARINAS	CE. BARINAS	PQ. ALFREDO A LARRIVA	3	0	17	2537	1	1627
EDO. BARINAS	CE. BARINAS	PQ. SANTA INES	0	0	7	1262	0	581
EDO. BARINAS	MP. CRUZ PAREDES	PQ. BARRANCAS	4	2	67	8614	1	2910
EDO. BARINAS	MP. CRUZ PAREDES	PQ. EL SOCORRO	3	0	17	1544	0	750
EDO. BARINAS	MP. CRUZ PAREDES	PQ. MASPARRITO
EDO. BARINAS	MP. PEDRAZA	PQ. JOSE FELIX RIBAS	1	2	14	2755	1	1415
EDO. BARINAS	MP. PEDRAZA	PQ. IGNACIO BRICE#O	1	0	7	917	0	949
EDO. BARINAS	MP. PEDRAZA	PQ. CIUDAD BOLIVIA	19	2	90	11879	1	10638
EDO. BARINAS	MP. PEDRAZA	PQ. PAEZ	6	0	30	2100	0	1292
EDO. BARINAS	MP. ROJAS	PQ. DOLORES	4	0	23	2583	0	1308
EDO. BARINAS	MP. ROJAS	PQ. PALACIO FAJARDO	3	1	22	4266	0	894
EDO. BARINAS	MP. ROJAS	PQ. LIBERTAD	0	1	47	4198	1	1869
EDO. BARINAS	MP. ROJAS	PQ. SANTA ROSA	4	2	29	3867	1	1327
EDO. BARINAS	MP. ARISMENDI	PQ. SAN ANTONIO	0	0	13	1405	2	719
EDO. BARINAS	MP. ARISMENDI	PQ. ARISMENDI	6	2	32	3240	0	1214
EDO. BARINAS	MP. ARISMENDI	PQ. GUADARRAMA	1	0	7	962	0	244
EDO. BARINAS	MP. ARISMENDI	PQ. LA UNION	2	2	8	2069	0	868
EDO. BARINAS	MP. ANDRES E. BLANCO	PQ. EL CANTON	1	1	14	2354	2	1518
EDO. BARINAS	MP. ANDRES E. BLANCO	PQ. PUERTO VIVAS	0	0	9	1168	0	613
EDO. BARINAS	MP. ANDRES E. BLANCO	PQ. SANTA CRUZ DE GUACAS	1	0	24	1446	0	1042
EDO. BARINAS	MP. A JOSE DE SUCRE	PQ. ANDRES BELLO	2	2	14	1839	0	1432
EDO. BARINAS	MP. A JOSE DE SUCRE	PQ. TICOPORO	20	7	145	15171	6	13182
EDO. BARINAS	MP. A JOSE DE SUCRE	PQ. NICOLAS PULIDO	2	2	23	2611	0	1367
EDO. BARINAS	MP. SOSA	PQ. EL REGALO	2	0	16	2156	0	1193
EDO. BARINAS	MP. SOSA	PQ. SANTA CATALINA	0	0	6	551	0	277
EDO. BARINAS	MP. SOSA	PQ. PUERTO DE NUTRIAS	1	0	5	1026	1	424
EDO. BARINAS	MP. SOSA	PQ. CIUDAD DE NUTRIAS	1	0	33	4266	1	2350
EDO. BARINAS	MP. BOLIVAR	PQ. ALTAMIRA	1	1	11	1422	1	608
EDO. BARINAS	MP. BOLIVAR	PQ. BARINITAS	10	5	114	13259	8	9780
EDO. BARINAS	MP. BOLIVAR	PQ. CALDERAS	2	1	16	2435	0	1126
EDO. BARINAS	MP. ALBERTO ARVELO T	PQ. RODRIGUEZ DOMINGUEZ	4	1	22	3875	0	800
EDO. BARINAS	MP. ALBERTO ARVELO T	PQ. SABANETA	3	1	81	14025	6	3164
EDO. BARINAS	MP. EZEQUIEL ZAMORA	PQ. PEDRO BRICE#O MENDEZ	2	0	12	1364	1	1476
EDO. BARINAS	MP. EZEQUIEL ZAMORA	PQ. SANTA BARBARA	16	3	100	10467	1	9299
EDO. BARINAS	MP. EZEQUIEL ZAMORA	PQ. RAMON IGNACIO MENDEZ	0	1	4	1015	1	977
EDO. BARINAS	MP. EZEQUIEL ZAMORA	PQ.JOSE IGNACIO DEL PUMAR	1	0	5	994	1	900
EDO. BARINAS	MP. OBISPOS	PQ. LOS GUASIMITOS	2	1	32	2979	3	1658
EDO. BARINAS	MP. OBISPOS	PQ. OBISPOS	5	0	59	4911	1	2648
EDO. BARINAS	MP. OBISPOS	PQ. EL REAL	1	1	8	1513	0	367
EDO. BARINAS	MP. OBISPOS	PQ. LA LUZ	1	0	8	987	0	161
EDO. COJEDES	MP. GIRARDOT	PQ. EL BAUL	3	1	34	3910	4	1896
EDO. COJEDES	MP. GIRARDOT	PQ. SUCRE	2	0	12	1032	0	296
EDO. COJEDES	MP. TINACO	PQ. GRL/JEFE JOSE L SILVA	13	2	104	12204	6	6188
EDO. COJEDES	MP. RICAURTE	PQ. LIBERTAD DE COJEDES	2	1	44	5617	2	1432
EDO. COJEDES	MP. RICAURTE	PQ. EL AMPARO	2	1	8	927	0	171
EDO. COJEDES	MP. ROMULO GALLEGOS	PQ. ROMULO GALLEGOS	6	2	87	7312	1	3224
EDO. COJEDES	MP. PAO S J BAUTISTA	PQ. EL PAO	6	8	59	7543	3	1983
EDO. COJEDES	MP. LIMA BLANCO	PQ. LA AGUADITA	3	1	11	1840	0	677
EDO. COJEDES	MP. LIMA BLANCO	PQ. MACAPO	0	0	15	2972	2	1549
EDO. COJEDES	MP. ANZOATEGUI	PQ. JUAN DE MATA SUAREZ	0	1	31	3927	2	1786
EDO. COJEDES	MP. ANZOATEGUI	PQ. COJEDES	0	1	13	2810	1	941
EDO. COJEDES	CE. EZEQUIEL ZAMORA	PQ. MANUEL MANRIQUE	2	1	12	1538	2	879
EDO. COJEDES	CE. EZEQUIEL ZAMORA	PQ. JUAN ANGEL BRAVO	0	0	6	637	0	256
EDO. COJEDES	CE. EZEQUIEL ZAMORA	PQ. SAN CARLOS DE AUSTRIA	20	28	379	31182	24	21732
EDO. COJEDES	MP. TINAQUILLO	PQ. TINAQUILLO	22	23	281	32437	22	17372
EDO.NVA.ESPARTA	MP.VILLALBA(I.COCHE)	PQ. VICENTE FUENTES	4	0	7	1476	0	1173
EDO.NVA.ESPARTA	MP.VILLALBA(I.COCHE)	CM. SAN PEDRO DE COCHE	10	0	15	1770	1	1382
EDO.NVA.ESPARTA	CE. ARISMENDI	CM. LA ASUNCION	6	3	58	6839	10	9732
EDO.NVA.ESPARTA	MP. MANEIRO	PQ. AGUIRRE	1	1	37	3751	3	11331
EDO.NVA.ESPARTA	MP. MANEIRO	CM. PAMPATAR	1	0	29	5415	6	7397
EDO.NVA.ESPARTA	MP. GOMEZ	PQ. BOLIVAR	1	0	11	799	0	649
EDO.NVA.ESPARTA	MP. GOMEZ	CM. SANTA ANA	1	0	37	4871	4	3260
EDO.NVA.ESPARTA	MP. GOMEZ	PQ. SUCRE	0	0	31	3007	1	2492
EDO.NVA.ESPARTA	MP. GOMEZ	PQ. MATASIETE	0	0	18	1683	0	1406
EDO.NVA.ESPARTA	MP. GOMEZ	PQ. GUEVARA	1	0	17	1628	0	1610
EDO.NVA.ESPARTA	MP. GARCIA	CM. VALLE ESP SANTO	2	1	26	2819	4	3498
EDO.NVA.ESPARTA	MP. GARCIA	PQ. FRANCISCO FAJARDO	6	1	131	13777	9	9777
EDO.NVA.ESPARTA	MP. MARCANO	CM. JUAN GRIEGO	8	4	63	6662	2	5141
EDO.NVA.ESPARTA	MP. MARCANO	PQ. ADRIAN	5	0	53	5023	2	3483
EDO.NVA.ESPARTA	MP. DIAZ	PQ. ZABALA	3	4	46	6196	5	3446
EDO.NVA.ESPARTA	MP. DIAZ	CM. SAN JUAN BAUTISTA	2	5	106	12616	8	9910
EDO.NVA.ESPARTA	MP. TUBORES	CM. PUNTA DE PIEDRAS	5	2	54	7640	2	5751
EDO.NVA.ESPARTA	MP. TUBORES	PQ. LOS BARALES	1	0	19	2950	1	1753
EDO.NVA.ESPARTA	MP.PENIN. DE MACANAO	PQ. SAN FRANCISCO	4	0	25	4408	4	2621
EDO.NVA.ESPARTA	MP.PENIN. DE MACANAO	CM. BOCA DEL RIO	0	1	31	3146	3	2816
EDO.NVA.ESPARTA	MP. MARI#O	CM. PORLAMAR	18	9	247	26683	16	28398
EDO.NVA.ESPARTA	MP.ANTOLIN DEL CAMPO	CM.LA PLAZA DE PARAGUACHI	1	3	80	8423	8	8052
EDO. TACHIRA	MP. INDEPENDENCIA	CM. CAPACHO NUEVO	3	2	64	5733	4	7450
EDO. TACHIRA	MP. INDEPENDENCIA	PQ. JUAN GERMAN ROSCIO	0	3	32	2528	1	2608
EDO. TACHIRA	MP. INDEPENDENCIA	PQ. ROMAN CARDENAS	1	0	7	799	1	925
EDO. TACHIRA	MP. SAN JUDAS TADEO	CM. UMUQUENA	2	0	24	3332	1	2025
EDO. TACHIRA	CE. SAN CRISTOBAL	PQ. LA CONCORDIA	28	11	208	21637	22	35934
EDO. TACHIRA	CE. SAN CRISTOBAL	PQ. SN JUAN BAUTISTA	13	5	168	16212	26	39098
EDO. TACHIRA	CE. SAN CRISTOBAL	PQ. SAN SEBASTIAN	5	4	51	4685	3	5665
EDO. TACHIRA	CE. SAN CRISTOBAL	PQ. DR. FCO. ROMERO LOBO	0	0	1	293	0	343
EDO. TACHIRA	CE. SAN CRISTOBAL	PQ. PEDRO MARIA MORANTES	7	4	104	9666	21	32206
EDO. TACHIRA	MP. ANTONIO ROMULO C	CM. LAS MESAS	0	2	27	3823	2	2163
EDO. TACHIRA	MP. SUCRE	PQ. SAN PABLO	0	0	2	957	0	500
EDO. TACHIRA	MP. SUCRE	PQ.ELEAZAR LOPEZ CONTRERA	0	0	0	156	0	201
EDO. TACHIRA	MP. SUCRE	CM. QUENIQUEA	0	0	5	1766	1	1305
EDO. TACHIRA	MP. LIBERTADOR	CM. ABEJALES	1	0	12	2547	1	2474
EDO. TACHIRA	MP. LIBERTADOR	PQ. DORADAS	3	2	13	1253	0	1080
EDO. TACHIRA	MP. LIBERTADOR	PQ. SAN JOAQUIN DE NAVAY	1	0	10	782	1	865
EDO. TACHIRA	MP. LIBERTADOR	PQ. EMETERIO OCHOA	0	2	4	1379	3	1443
EDO. TACHIRA	MP. PANAMERICANO	PQ. LA PALMITA	0	1	21	1981	1	1101
EDO. TACHIRA	MP. PANAMERICANO	CM. COLONCITO	3	3	51	5908	1	5693
EDO. TACHIRA	MP. SIMON RODRIGUEZ	CM. SAN SIMON	4	0	7	953	0	1103
EDO. TACHIRA	MP. ANDRES BELLO	CM. CORDERO	6	2	42	5740	9	8096
EDO. TACHIRA	MP. LIBERTAD	CM. CAPACHO VIEJO	2	3	29	3844	3	3402
EDO. TACHIRA	MP. LIBERTAD	PQ. MANUEL FELIPE RUGELES	1	1	22	2606	1	2618
EDO. TACHIRA	MP. LIBERTAD	PQ. CIPRIANO CASTRO	1	0	8	1095	0	952
EDO. TACHIRA	MP. SAMUEL MALDONADO	CM. LA TENDIDA	0	0	14	2488	2	2073
EDO. TACHIRA	MP. SAMUEL MALDONADO	PQ. HERNANDEZ	0	0	4	1208	1	898
EDO. TACHIRA	MP. SAMUEL MALDONADO	PQ. BOCONO	2	2	2	1370	1	816
EDO. TACHIRA	MP. TORBES	CM. SAN JOSECITO	9	5	83	11054	10	10071
EDO. TACHIRA	MP. JOSE MARIA VARGA	CM. EL COBRE	2	0	24	3311	0	2850
EDO. TACHIRA	MP. LOBATERA	CM. LOBATERA	1	0	17	2617	3	1904
EDO. TACHIRA	MP. LOBATERA	PQ. CONSTITUCION	0	0	12	1947	1	1434
EDO. TACHIRA	MP. MICHELENA	CM. MICHELENA	5	2	40	5546	9	5391
EDO. TACHIRA	MP. GUASIMOS	CM. PALMIRA	10	8	71	9454	13	13985
EDO. TACHIRA	MP. URIBANTE	CM. PREGONERO	1	1	14	3322	1	3371
EDO. TACHIRA	MP. URIBANTE	PQ. JUAN PABLO PE#ALOZA	0	0	2	727	1	493
EDO. TACHIRA	MP. URIBANTE	PQ. CARDENAS	1	0	3	919	0	798
EDO. TACHIRA	MP. URIBANTE	PQ. POTOSI	0	1	1	469	0	550
EDO. TACHIRA	MP. GARCIA DE HEVIA	CM. LA FRIA	4	4	108	12902	3	8707
EDO. TACHIRA	MP. GARCIA DE HEVIA	PQ. BOCA DE GRITA	0	0	4	623	0	579
EDO. TACHIRA	MP. GARCIA DE HEVIA	PQ. JOSE ANTONIO PAEZ	1	0	2	1481	0	843
EDO. TACHIRA	MP. CORDOBA	CM. STA. ANA  DEL TACHIRA	1	1	62	7670	10	8247
EDO. TACHIRA	MP. JUNIN	PQ. BRAMON	9	2	65	7444	8	6442
EDO. TACHIRA	MP. JUNIN	CM. RUBIO	8	7	131	12434	20	17346
EDO. TACHIRA	MP. JUNIN	PQ. LA PETROLEA	0	0	7	625	0	466
EDO. TACHIRA	MP. JUNIN	PQ. QUINIMARI	0	1	2	471	0	473
EDO. TACHIRA	MP. FERNANDEZ FEO	CM.SAN RAFAEL DEL PINAL	4	1	56	4457	1	4343
EDO. TACHIRA	MP. FERNANDEZ FEO	PQ. SANTO DOMINGO	2	1	34	3051	4	2266
EDO. TACHIRA	MP. FERNANDEZ FEO	PQ. ALBERTO ADRIANI	4	3	30	4322	1	2736
EDO. TACHIRA	MP. AYACUCHO	CM. COLON	3	5	85	10952	7	14215
EDO. TACHIRA	MP. AYACUCHO	PQ. RIVAS BERTI	1	0	11	1298	0	812
EDO. TACHIRA	MP. AYACUCHO	PQ. SAN PEDRO DEL RIO	2	0	7	771	0	849
EDO. TACHIRA	MP. JAUREGUI	PQ. MONS. MIGUEL A SALAS	2	0	11	870	0	602
EDO. TACHIRA	MP. JAUREGUI	CM. LA GRITA	13	7	79	8580	5	10629
EDO. TACHIRA	MP. JAUREGUI	PQ. EMILIO C. GUERRERO	0	0	3	653	0	580
EDO. TACHIRA	MP. FCO DE MIRANDA	CM. SAN JOSE DE BOLIVAR	2	0	10	1059	0	2011
EDO. TACHIRA	MP. BOLIVAR	PQ. ISAIAS MEDINA ANGARIT	1	0	6	577	0	395
EDO. TACHIRA	MP. BOLIVAR	PQ. JUAN VICENTE GOMEZ	0	0	3	410	0	444
EDO. TACHIRA	MP. BOLIVAR	CM. SAN ANT DEL TACHIRA	3	5	114	9085	7	14661
EDO. TACHIRA	MP. BOLIVAR	PQ. PALOTAL	1	1	15	1518	0	1823
EDO. TACHIRA	MP. SEBORUCO	CM. SEBORUCO	1	0	14	2534	0	2405
EDO. TACHIRA	MP. RAFAEL URDANETA	CM. DELICIAS	3	1	17	1915	3	1393
EDO. TACHIRA	MP.PEDRO MARIA URE#A	CM. URE#A	9	1	78	7290	4	8875
EDO. TACHIRA	MP.PEDRO MARIA URE#A	PQ. NUEVA ARCADIA	1	0	30	2078	1	2461
EDO. TACHIRA	MP. CARDENAS	PQ. AMENODORO RANGEL LAMU	1	2	29	3900	8	6338
EDO. TACHIRA	MP. CARDENAS	CM. TARIBA	13	3	172	17358	15	27692
EDO. TACHIRA	MP. CARDENAS	PQ. LA FLORIDA	0	1	0	601	0	334
